Titre,Type de contrat,Entreprise,Nouveauté,Description,Localisation,URL,Date_scraping,source,Date publication,Date expiration,Page,categorie_bert
Contrôleur Financier et Administratif CDI,CDI,Afri RH,Oui,"Le poste de contrôleur financier et administratif requiert une expertise approfondie en comptabilité, en analyse financière et en gestion de trésorerie. Le contrôleur financier et administratif est responsable de garantir…",,https://offre-emploi.sn/offre-emploi/controleur-financier-et-administratif/,2025-06-17 11:54:01,emploi.sn,,,,Administration et Finance
Food Security Analyst CDI,CDI,CTG (Committed To Good),Oui,"Countries: Colombia, Ethiopia, India, Kenya, Myanmar, Niger, Philippines, Senegal, Sudan, Uganda, Ukraine, Zambia Organization: CTG (Committed To Good) Closing date: 31 Dec 2025 CTG overview CTG was established in 2006,…",,https://offre-emploi.sn/offre-emploi/food-security-analyst/,2025-06-17 11:54:01,emploi.sn,,,,Analyse et Recherche
"Chargé.e d’évaluation Senior pour le Sénégal, basé.e à Dakar CDI",CDI,IMPACT Initiatives,Oui,"Country: Senegal Organization: IMPACT Initiatives Closing date: 30 Jun 2025 BACKGROUND D’IMPACT ET REACH IMPACT Initiatives est une ONG humanitaire basée à Genève, en Suisse. L’organisation gère plusieurs initiatives (REACH,…","Dakar, Sénégal",https://offre-emploi.sn/offre-emploi/charge-e-devaluation-senior-pour-le-senegal-base-e-a-dakar-2/,2025-06-17 11:54:01,emploi.sn,,,,Consultance et Expertise
"Responsable de Recherche (Associé.e) pour le Sénégal, basé.e à Dakar CDI",CDI,IMPACT Initiatives,Oui,Country: Senegal Organization: IMPACT Initiatives Closing date: 30 Jun 2025 Nous sommes actuellement à la recherche d’un.e responsable de recherche (associé.e) pour soutenir notre équipe régionale au Sénégal. Titre :…,"Dakar, Sénégal",https://offre-emploi.sn/offre-emploi/responsable-de-recherche-associe-e-pour-le-senegal-base-e-a-dakar/,2025-06-17 11:54:01,emploi.sn,,,,Gestion de Projet
Evidence to Advocacy Specialist: Conflict and Crisis-Affected Settings CDI,CDI,Girls Not Brides,Non,"Countries: Kenya, Senegal Organization: Girls Not Brides Closing date: 29 Jun 2025 Please note: There is one vacancy for the Evidence to Advocacy: Conflict and Crisis-Affected Settings position, which can…",,https://offre-emploi.sn/offre-emploi/evidence-to-advocacy-specialist-conflict-and-crisis-affected-settings/,2025-06-17 11:54:01,emploi.sn,,,,Consultance et Expertise
RDH DTM Reporting Intern CDI,CDI,International Organization for Migration,Non,"Country: Senegal Organization: International Organization for Migration Closing date: 26 Jun 2025 IOM is committed to ensuring a workplace where all employees can thrive professionally, while working towards harnessing the…",,https://offre-emploi.sn/offre-emploi/rdh-dtm-reporting-intern/,2025-06-17 11:54:01,emploi.sn,,,,Support Administratif
RDH Information Management Intern: Overview CDI,CDI,International Organization for Migration,Non,"Country: Senegal Organization: International Organization for Migration Closing date: 26 Jun 2025 IOM is committed to ensuring a workplace where all employees can thrive professionally, while working towards harnessing the…",,https://offre-emploi.sn/offre-emploi/rdh-information-management-intern-overview/,2025-06-17 11:54:01,emploi.sn,,,,Informatique et Technologie
Chargé.e. de projet « RISE & PLAY » Sénégal CDI,CDI,PLAY International,Non,Country: Senegal Organization: PLAY International Closing date: 15 Jun 2025 Responsabilités et missions La Fondation Decathlon en lien avec LA GUILDE a octroyé un financement à PLAY INTERNATIONAL pour mettre…,,https://offre-emploi.sn/offre-emploi/charge-e-de-projet-rise-play-senegal/,2025-06-17 11:54:01,emploi.sn,,,,Gestion de Projet
CHARGÉ.E DE PROJET – PROTECTION DES LANCEURS D’ALERTE ET LUTTE CONTRE LES FLUX FINANCIERS ILLICITES CDI,CDI,Platform to Protect Whistleblowers in Africa,Non,Country: Senegal Organization: Platform to Protect Whistleblowers in Africa Closing date: 30 Jun 2025 Titre du poste : Chargé·e de projet – Protection des lanceurs d’alerte et lutte contre les…,,https://offre-emploi.sn/offre-emploi/charge-e-de-projet-protection-des-lanceurs-dalerte-et-lutte-contre-les-flux-financiers-illicites/,2025-06-17 11:54:01,emploi.sn,,,,Gestion de Projet
"Senior Communications Officer, Africa Team CDI",CDI,Girls Not Brides,Non,"Countries: Kenya, Senegal, Uganda Organization: Girls Not Brides Closing date: 22 Jun 2025 Please note: There is one Senior Communications Officer, Africa Team position available, which may be based in…",,https://offre-emploi.sn/offre-emploi/senior-communications-officer-africa-team/,2025-06-17 11:54:01,emploi.sn,,,,Consultance et Expertise
Contrôleur Financier et Administratif CDI,CDI,Afri RH,Oui,"Le poste de contrôleur financier et administratif requiert une expertise approfondie en comptabilité, en analyse financière et en gestion de trésorerie. Le contrôleur financier et administratif est responsable de garantir…",,https://offre-emploi.sn/offre-emploi/controleur-financier-et-administratif/,2025-06-17 11:54:08,emploi.sn,,,,Administration et Finance
Food Security Analyst CDI,CDI,CTG (Committed To Good),Oui,"Countries: Colombia, Ethiopia, India, Kenya, Myanmar, Niger, Philippines, Senegal, Sudan, Uganda, Ukraine, Zambia Organization: CTG (Committed To Good) Closing date: 31 Dec 2025 CTG overview CTG was established in 2006,…",,https://offre-emploi.sn/offre-emploi/food-security-analyst/,2025-06-17 11:54:08,emploi.sn,,,,Analyse et Recherche
"Chargé.e d’évaluation Senior pour le Sénégal, basé.e à Dakar CDI",CDI,IMPACT Initiatives,Oui,"Country: Senegal Organization: IMPACT Initiatives Closing date: 30 Jun 2025 BACKGROUND D’IMPACT ET REACH IMPACT Initiatives est une ONG humanitaire basée à Genève, en Suisse. L’organisation gère plusieurs initiatives (REACH,…","Dakar, Sénégal",https://offre-emploi.sn/offre-emploi/charge-e-devaluation-senior-pour-le-senegal-base-e-a-dakar-2/,2025-06-17 11:54:08,emploi.sn,,,,Consultance et Expertise
"Responsable de Recherche (Associé.e) pour le Sénégal, basé.e à Dakar CDI",CDI,IMPACT Initiatives,Oui,Country: Senegal Organization: IMPACT Initiatives Closing date: 30 Jun 2025 Nous sommes actuellement à la recherche d’un.e responsable de recherche (associé.e) pour soutenir notre équipe régionale au Sénégal. Titre :…,"Dakar, Sénégal",https://offre-emploi.sn/offre-emploi/responsable-de-recherche-associe-e-pour-le-senegal-base-e-a-dakar/,2025-06-17 11:54:08,emploi.sn,,,,Gestion de Projet
Evidence to Advocacy Specialist: Conflict and Crisis-Affected Settings CDI,CDI,Girls Not Brides,Non,"Countries: Kenya, Senegal Organization: Girls Not Brides Closing date: 29 Jun 2025 Please note: There is one vacancy for the Evidence to Advocacy: Conflict and Crisis-Affected Settings position, which can…",,https://offre-emploi.sn/offre-emploi/evidence-to-advocacy-specialist-conflict-and-crisis-affected-settings/,2025-06-17 11:54:08,emploi.sn,,,,Consultance et Expertise
RDH DTM Reporting Intern CDI,CDI,International Organization for Migration,Non,"Country: Senegal Organization: International Organization for Migration Closing date: 26 Jun 2025 IOM is committed to ensuring a workplace where all employees can thrive professionally, while working towards harnessing the…",,https://offre-emploi.sn/offre-emploi/rdh-dtm-reporting-intern/,2025-06-17 11:54:08,emploi.sn,,,,Support Administratif
RDH Information Management Intern: Overview CDI,CDI,International Organization for Migration,Non,"Country: Senegal Organization: International Organization for Migration Closing date: 26 Jun 2025 IOM is committed to ensuring a workplace where all employees can thrive professionally, while working towards harnessing the…",,https://offre-emploi.sn/offre-emploi/rdh-information-management-intern-overview/,2025-06-17 11:54:08,emploi.sn,,,,Informatique et Technologie
Chargé.e. de projet « RISE & PLAY » Sénégal CDI,CDI,PLAY International,Non,Country: Senegal Organization: PLAY International Closing date: 15 Jun 2025 Responsabilités et missions La Fondation Decathlon en lien avec LA GUILDE a octroyé un financement à PLAY INTERNATIONAL pour mettre…,,https://offre-emploi.sn/offre-emploi/charge-e-de-projet-rise-play-senegal/,2025-06-17 11:54:08,emploi.sn,,,,Gestion de Projet
CHARGÉ.E DE PROJET – PROTECTION DES LANCEURS D’ALERTE ET LUTTE CONTRE LES FLUX FINANCIERS ILLICITES CDI,CDI,Platform to Protect Whistleblowers in Africa,Non,Country: Senegal Organization: Platform to Protect Whistleblowers in Africa Closing date: 30 Jun 2025 Titre du poste : Chargé·e de projet – Protection des lanceurs d’alerte et lutte contre les…,,https://offre-emploi.sn/offre-emploi/charge-e-de-projet-protection-des-lanceurs-dalerte-et-lutte-contre-les-flux-financiers-illicites/,2025-06-17 11:54:08,emploi.sn,,,,Gestion de Projet
"Senior Communications Officer, Africa Team CDI",CDI,Girls Not Brides,Non,"Countries: Kenya, Senegal, Uganda Organization: Girls Not Brides Closing date: 22 Jun 2025 Please note: There is one Senior Communications Officer, Africa Team position available, which may be based in…",,https://offre-emploi.sn/offre-emploi/senior-communications-officer-africa-team/,2025-06-17 11:54:08,emploi.sn,,,,Consultance et Expertise
Contrôleur Financier et Administratif CDI,CDI,Afri RH,Oui,"Le poste de contrôleur financier et administratif requiert une expertise approfondie en comptabilité, en analyse financière et en gestion de trésorerie. Le contrôleur financier et administratif est responsable de garantir…",,https://offre-emploi.sn/offre-emploi/controleur-financier-et-administratif/,2025-06-17 11:54:15,emploi.sn,,,,Administration et Finance
Food Security Analyst CDI,CDI,CTG (Committed To Good),Oui,"Countries: Colombia, Ethiopia, India, Kenya, Myanmar, Niger, Philippines, Senegal, Sudan, Uganda, Ukraine, Zambia Organization: CTG (Committed To Good) Closing date: 31 Dec 2025 CTG overview CTG was established in 2006,…",,https://offre-emploi.sn/offre-emploi/food-security-analyst/,2025-06-17 11:54:15,emploi.sn,,,,Analyse et Recherche
"Chargé.e d’évaluation Senior pour le Sénégal, basé.e à Dakar CDI",CDI,IMPACT Initiatives,Oui,"Country: Senegal Organization: IMPACT Initiatives Closing date: 30 Jun 2025 BACKGROUND D’IMPACT ET REACH IMPACT Initiatives est une ONG humanitaire basée à Genève, en Suisse. L’organisation gère plusieurs initiatives (REACH,…","Dakar, Sénégal",https://offre-emploi.sn/offre-emploi/charge-e-devaluation-senior-pour-le-senegal-base-e-a-dakar-2/,2025-06-17 11:54:15,emploi.sn,,,,Consultance et Expertise
"Responsable de Recherche (Associé.e) pour le Sénégal, basé.e à Dakar CDI",CDI,IMPACT Initiatives,Oui,Country: Senegal Organization: IMPACT Initiatives Closing date: 30 Jun 2025 Nous sommes actuellement à la recherche d’un.e responsable de recherche (associé.e) pour soutenir notre équipe régionale au Sénégal. Titre :…,"Dakar, Sénégal",https://offre-emploi.sn/offre-emploi/responsable-de-recherche-associe-e-pour-le-senegal-base-e-a-dakar/,2025-06-17 11:54:15,emploi.sn,,,,Gestion de Projet
Evidence to Advocacy Specialist: Conflict and Crisis-Affected Settings CDI,CDI,Girls Not Brides,Non,"Countries: Kenya, Senegal Organization: Girls Not Brides Closing date: 29 Jun 2025 Please note: There is one vacancy for the Evidence to Advocacy: Conflict and Crisis-Affected Settings position, which can…",,https://offre-emploi.sn/offre-emploi/evidence-to-advocacy-specialist-conflict-and-crisis-affected-settings/,2025-06-17 11:54:15,emploi.sn,,,,Consultance et Expertise
RDH DTM Reporting Intern CDI,CDI,International Organization for Migration,Non,"Country: Senegal Organization: International Organization for Migration Closing date: 26 Jun 2025 IOM is committed to ensuring a workplace where all employees can thrive professionally, while working towards harnessing the…",,https://offre-emploi.sn/offre-emploi/rdh-dtm-reporting-intern/,2025-06-17 11:54:15,emploi.sn,,,,Support Administratif
RDH Information Management Intern: Overview CDI,CDI,International Organization for Migration,Non,"Country: Senegal Organization: International Organization for Migration Closing date: 26 Jun 2025 IOM is committed to ensuring a workplace where all employees can thrive professionally, while working towards harnessing the…",,https://offre-emploi.sn/offre-emploi/rdh-information-management-intern-overview/,2025-06-17 11:54:15,emploi.sn,,,,Informatique et Technologie
Chargé.e. de projet « RISE & PLAY » Sénégal CDI,CDI,PLAY International,Non,Country: Senegal Organization: PLAY International Closing date: 15 Jun 2025 Responsabilités et missions La Fondation Decathlon en lien avec LA GUILDE a octroyé un financement à PLAY INTERNATIONAL pour mettre…,,https://offre-emploi.sn/offre-emploi/charge-e-de-projet-rise-play-senegal/,2025-06-17 11:54:15,emploi.sn,,,,Gestion de Projet
CHARGÉ.E DE PROJET – PROTECTION DES LANCEURS D’ALERTE ET LUTTE CONTRE LES FLUX FINANCIERS ILLICITES CDI,CDI,Platform to Protect Whistleblowers in Africa,Non,Country: Senegal Organization: Platform to Protect Whistleblowers in Africa Closing date: 30 Jun 2025 Titre du poste : Chargé·e de projet – Protection des lanceurs d’alerte et lutte contre les…,,https://offre-emploi.sn/offre-emploi/charge-e-de-projet-protection-des-lanceurs-dalerte-et-lutte-contre-les-flux-financiers-illicites/,2025-06-17 11:54:15,emploi.sn,,,,Gestion de Projet
"Senior Communications Officer, Africa Team CDI",CDI,Girls Not Brides,Non,"Countries: Kenya, Senegal, Uganda Organization: Girls Not Brides Closing date: 22 Jun 2025 Please note: There is one Senior Communications Officer, Africa Team position available, which may be based in…",,https://offre-emploi.sn/offre-emploi/senior-communications-officer-africa-team/,2025-06-17 11:54:15,emploi.sn,,,,Consultance et Expertise
Contrôleur Financier et Administratif CDI,CDI,Afri RH,Oui,"Le poste de contrôleur financier et administratif requiert une expertise approfondie en comptabilité, en analyse financière et en gestion de trésorerie. Le contrôleur financier et administratif est responsable de garantir…",,https://offre-emploi.sn/offre-emploi/controleur-financier-et-administratif/,2025-06-17 11:54:21,emploi.sn,,,,Administration et Finance
Food Security Analyst CDI,CDI,CTG (Committed To Good),Oui,"Countries: Colombia, Ethiopia, India, Kenya, Myanmar, Niger, Philippines, Senegal, Sudan, Uganda, Ukraine, Zambia Organization: CTG (Committed To Good) Closing date: 31 Dec 2025 CTG overview CTG was established in 2006,…",,https://offre-emploi.sn/offre-emploi/food-security-analyst/,2025-06-17 11:54:21,emploi.sn,,,,Analyse et Recherche
"Chargé.e d’évaluation Senior pour le Sénégal, basé.e à Dakar CDI",CDI,IMPACT Initiatives,Oui,"Country: Senegal Organization: IMPACT Initiatives Closing date: 30 Jun 2025 BACKGROUND D’IMPACT ET REACH IMPACT Initiatives est une ONG humanitaire basée à Genève, en Suisse. L’organisation gère plusieurs initiatives (REACH,…","Dakar, Sénégal",https://offre-emploi.sn/offre-emploi/charge-e-devaluation-senior-pour-le-senegal-base-e-a-dakar-2/,2025-06-17 11:54:21,emploi.sn,,,,Consultance et Expertise
"Responsable de Recherche (Associé.e) pour le Sénégal, basé.e à Dakar CDI",CDI,IMPACT Initiatives,Oui,Country: Senegal Organization: IMPACT Initiatives Closing date: 30 Jun 2025 Nous sommes actuellement à la recherche d’un.e responsable de recherche (associé.e) pour soutenir notre équipe régionale au Sénégal. Titre :…,"Dakar, Sénégal",https://offre-emploi.sn/offre-emploi/responsable-de-recherche-associe-e-pour-le-senegal-base-e-a-dakar/,2025-06-17 11:54:21,emploi.sn,,,,Gestion de Projet
Evidence to Advocacy Specialist: Conflict and Crisis-Affected Settings CDI,CDI,Girls Not Brides,Non,"Countries: Kenya, Senegal Organization: Girls Not Brides Closing date: 29 Jun 2025 Please note: There is one vacancy for the Evidence to Advocacy: Conflict and Crisis-Affected Settings position, which can…",,https://offre-emploi.sn/offre-emploi/evidence-to-advocacy-specialist-conflict-and-crisis-affected-settings/,2025-06-17 11:54:21,emploi.sn,,,,Consultance et Expertise
RDH DTM Reporting Intern CDI,CDI,International Organization for Migration,Non,"Country: Senegal Organization: International Organization for Migration Closing date: 26 Jun 2025 IOM is committed to ensuring a workplace where all employees can thrive professionally, while working towards harnessing the…",,https://offre-emploi.sn/offre-emploi/rdh-dtm-reporting-intern/,2025-06-17 11:54:21,emploi.sn,,,,Support Administratif
RDH Information Management Intern: Overview CDI,CDI,International Organization for Migration,Non,"Country: Senegal Organization: International Organization for Migration Closing date: 26 Jun 2025 IOM is committed to ensuring a workplace where all employees can thrive professionally, while working towards harnessing the…",,https://offre-emploi.sn/offre-emploi/rdh-information-management-intern-overview/,2025-06-17 11:54:21,emploi.sn,,,,Informatique et Technologie
Chargé.e. de projet « RISE & PLAY » Sénégal CDI,CDI,PLAY International,Non,Country: Senegal Organization: PLAY International Closing date: 15 Jun 2025 Responsabilités et missions La Fondation Decathlon en lien avec LA GUILDE a octroyé un financement à PLAY INTERNATIONAL pour mettre…,,https://offre-emploi.sn/offre-emploi/charge-e-de-projet-rise-play-senegal/,2025-06-17 11:54:21,emploi.sn,,,,Gestion de Projet
CHARGÉ.E DE PROJET – PROTECTION DES LANCEURS D’ALERTE ET LUTTE CONTRE LES FLUX FINANCIERS ILLICITES CDI,CDI,Platform to Protect Whistleblowers in Africa,Non,Country: Senegal Organization: Platform to Protect Whistleblowers in Africa Closing date: 30 Jun 2025 Titre du poste : Chargé·e de projet – Protection des lanceurs d’alerte et lutte contre les…,,https://offre-emploi.sn/offre-emploi/charge-e-de-projet-protection-des-lanceurs-dalerte-et-lutte-contre-les-flux-financiers-illicites/,2025-06-17 11:54:21,emploi.sn,,,,Gestion de Projet
"Senior Communications Officer, Africa Team CDI",CDI,Girls Not Brides,Non,"Countries: Kenya, Senegal, Uganda Organization: Girls Not Brides Closing date: 22 Jun 2025 Please note: There is one Senior Communications Officer, Africa Team position available, which may be based in…",,https://offre-emploi.sn/offre-emploi/senior-communications-officer-africa-team/,2025-06-17 11:54:21,emploi.sn,,,,Consultance et Expertise
Contrôleur Financier et Administratif CDI,CDI,Afri RH,Oui,"Le poste de contrôleur financier et administratif requiert une expertise approfondie en comptabilité, en analyse financière et en gestion de trésorerie. Le contrôleur financier et administratif est responsable de garantir…",,https://offre-emploi.sn/offre-emploi/controleur-financier-et-administratif/,2025-06-17 11:54:28,emploi.sn,,,,Administration et Finance
Food Security Analyst CDI,CDI,CTG (Committed To Good),Oui,"Countries: Colombia, Ethiopia, India, Kenya, Myanmar, Niger, Philippines, Senegal, Sudan, Uganda, Ukraine, Zambia Organization: CTG (Committed To Good) Closing date: 31 Dec 2025 CTG overview CTG was established in 2006,…",,https://offre-emploi.sn/offre-emploi/food-security-analyst/,2025-06-17 11:54:28,emploi.sn,,,,Analyse et Recherche
"Chargé.e d’évaluation Senior pour le Sénégal, basé.e à Dakar CDI",CDI,IMPACT Initiatives,Oui,"Country: Senegal Organization: IMPACT Initiatives Closing date: 30 Jun 2025 BACKGROUND D’IMPACT ET REACH IMPACT Initiatives est une ONG humanitaire basée à Genève, en Suisse. L’organisation gère plusieurs initiatives (REACH,…","Dakar, Sénégal",https://offre-emploi.sn/offre-emploi/charge-e-devaluation-senior-pour-le-senegal-base-e-a-dakar-2/,2025-06-17 11:54:28,emploi.sn,,,,Consultance et Expertise
"Responsable de Recherche (Associé.e) pour le Sénégal, basé.e à Dakar CDI",CDI,IMPACT Initiatives,Oui,Country: Senegal Organization: IMPACT Initiatives Closing date: 30 Jun 2025 Nous sommes actuellement à la recherche d’un.e responsable de recherche (associé.e) pour soutenir notre équipe régionale au Sénégal. Titre :…,"Dakar, Sénégal",https://offre-emploi.sn/offre-emploi/responsable-de-recherche-associe-e-pour-le-senegal-base-e-a-dakar/,2025-06-17 11:54:28,emploi.sn,,,,Gestion de Projet
Evidence to Advocacy Specialist: Conflict and Crisis-Affected Settings CDI,CDI,Girls Not Brides,Non,"Countries: Kenya, Senegal Organization: Girls Not Brides Closing date: 29 Jun 2025 Please note: There is one vacancy for the Evidence to Advocacy: Conflict and Crisis-Affected Settings position, which can…",,https://offre-emploi.sn/offre-emploi/evidence-to-advocacy-specialist-conflict-and-crisis-affected-settings/,2025-06-17 11:54:28,emploi.sn,,,,Consultance et Expertise
RDH DTM Reporting Intern CDI,CDI,International Organization for Migration,Non,"Country: Senegal Organization: International Organization for Migration Closing date: 26 Jun 2025 IOM is committed to ensuring a workplace where all employees can thrive professionally, while working towards harnessing the…",,https://offre-emploi.sn/offre-emploi/rdh-dtm-reporting-intern/,2025-06-17 11:54:28,emploi.sn,,,,Support Administratif
RDH Information Management Intern: Overview CDI,CDI,International Organization for Migration,Non,"Country: Senegal Organization: International Organization for Migration Closing date: 26 Jun 2025 IOM is committed to ensuring a workplace where all employees can thrive professionally, while working towards harnessing the…",,https://offre-emploi.sn/offre-emploi/rdh-information-management-intern-overview/,2025-06-17 11:54:28,emploi.sn,,,,Informatique et Technologie
Chargé.e. de projet « RISE & PLAY » Sénégal CDI,CDI,PLAY International,Non,Country: Senegal Organization: PLAY International Closing date: 15 Jun 2025 Responsabilités et missions La Fondation Decathlon en lien avec LA GUILDE a octroyé un financement à PLAY INTERNATIONAL pour mettre…,,https://offre-emploi.sn/offre-emploi/charge-e-de-projet-rise-play-senegal/,2025-06-17 11:54:28,emploi.sn,,,,Gestion de Projet
CHARGÉ.E DE PROJET – PROTECTION DES LANCEURS D’ALERTE ET LUTTE CONTRE LES FLUX FINANCIERS ILLICITES CDI,CDI,Platform to Protect Whistleblowers in Africa,Non,Country: Senegal Organization: Platform to Protect Whistleblowers in Africa Closing date: 30 Jun 2025 Titre du poste : Chargé·e de projet – Protection des lanceurs d’alerte et lutte contre les…,,https://offre-emploi.sn/offre-emploi/charge-e-de-projet-protection-des-lanceurs-dalerte-et-lutte-contre-les-flux-financiers-illicites/,2025-06-17 11:54:28,emploi.sn,,,,Gestion de Projet
"Senior Communications Officer, Africa Team CDI",CDI,Girls Not Brides,Non,"Countries: Kenya, Senegal, Uganda Organization: Girls Not Brides Closing date: 22 Jun 2025 Please note: There is one Senior Communications Officer, Africa Team position available, which may be based in…",,https://offre-emploi.sn/offre-emploi/senior-communications-officer-africa-team/,2025-06-17 11:54:28,emploi.sn,,,,Consultance et Expertise
Contrôleur Financier et Administratif CDI,CDI,Afri RH,Oui,"Le poste de contrôleur financier et administratif requiert une expertise approfondie en comptabilité, en analyse financière et en gestion de trésorerie. Le contrôleur financier et administratif est responsable de garantir…",,https://offre-emploi.sn/offre-emploi/controleur-financier-et-administratif/,2025-06-17 11:54:35,emploi.sn,,,,Administration et Finance
Food Security Analyst CDI,CDI,CTG (Committed To Good),Oui,"Countries: Colombia, Ethiopia, India, Kenya, Myanmar, Niger, Philippines, Senegal, Sudan, Uganda, Ukraine, Zambia Organization: CTG (Committed To Good) Closing date: 31 Dec 2025 CTG overview CTG was established in 2006,…",,https://offre-emploi.sn/offre-emploi/food-security-analyst/,2025-06-17 11:54:35,emploi.sn,,,,Analyse et Recherche
"Chargé.e d’évaluation Senior pour le Sénégal, basé.e à Dakar CDI",CDI,IMPACT Initiatives,Oui,"Country: Senegal Organization: IMPACT Initiatives Closing date: 30 Jun 2025 BACKGROUND D’IMPACT ET REACH IMPACT Initiatives est une ONG humanitaire basée à Genève, en Suisse. L’organisation gère plusieurs initiatives (REACH,…","Dakar, Sénégal",https://offre-emploi.sn/offre-emploi/charge-e-devaluation-senior-pour-le-senegal-base-e-a-dakar-2/,2025-06-17 11:54:35,emploi.sn,,,,Consultance et Expertise
"Responsable de Recherche (Associé.e) pour le Sénégal, basé.e à Dakar CDI",CDI,IMPACT Initiatives,Oui,Country: Senegal Organization: IMPACT Initiatives Closing date: 30 Jun 2025 Nous sommes actuellement à la recherche d’un.e responsable de recherche (associé.e) pour soutenir notre équipe régionale au Sénégal. Titre :…,"Dakar, Sénégal",https://offre-emploi.sn/offre-emploi/responsable-de-recherche-associe-e-pour-le-senegal-base-e-a-dakar/,2025-06-17 11:54:35,emploi.sn,,,,Gestion de Projet
Evidence to Advocacy Specialist: Conflict and Crisis-Affected Settings CDI,CDI,Girls Not Brides,Non,"Countries: Kenya, Senegal Organization: Girls Not Brides Closing date: 29 Jun 2025 Please note: There is one vacancy for the Evidence to Advocacy: Conflict and Crisis-Affected Settings position, which can…",,https://offre-emploi.sn/offre-emploi/evidence-to-advocacy-specialist-conflict-and-crisis-affected-settings/,2025-06-17 11:54:35,emploi.sn,,,,Consultance et Expertise
RDH DTM Reporting Intern CDI,CDI,International Organization for Migration,Non,"Country: Senegal Organization: International Organization for Migration Closing date: 26 Jun 2025 IOM is committed to ensuring a workplace where all employees can thrive professionally, while working towards harnessing the…",,https://offre-emploi.sn/offre-emploi/rdh-dtm-reporting-intern/,2025-06-17 11:54:35,emploi.sn,,,,Support Administratif
RDH Information Management Intern: Overview CDI,CDI,International Organization for Migration,Non,"Country: Senegal Organization: International Organization for Migration Closing date: 26 Jun 2025 IOM is committed to ensuring a workplace where all employees can thrive professionally, while working towards harnessing the…",,https://offre-emploi.sn/offre-emploi/rdh-information-management-intern-overview/,2025-06-17 11:54:35,emploi.sn,,,,Informatique et Technologie
Chargé.e. de projet « RISE & PLAY » Sénégal CDI,CDI,PLAY International,Non,Country: Senegal Organization: PLAY International Closing date: 15 Jun 2025 Responsabilités et missions La Fondation Decathlon en lien avec LA GUILDE a octroyé un financement à PLAY INTERNATIONAL pour mettre…,,https://offre-emploi.sn/offre-emploi/charge-e-de-projet-rise-play-senegal/,2025-06-17 11:54:35,emploi.sn,,,,Gestion de Projet
CHARGÉ.E DE PROJET – PROTECTION DES LANCEURS D’ALERTE ET LUTTE CONTRE LES FLUX FINANCIERS ILLICITES CDI,CDI,Platform to Protect Whistleblowers in Africa,Non,Country: Senegal Organization: Platform to Protect Whistleblowers in Africa Closing date: 30 Jun 2025 Titre du poste : Chargé·e de projet – Protection des lanceurs d’alerte et lutte contre les…,,https://offre-emploi.sn/offre-emploi/charge-e-de-projet-protection-des-lanceurs-dalerte-et-lutte-contre-les-flux-financiers-illicites/,2025-06-17 11:54:35,emploi.sn,,,,Gestion de Projet
"Senior Communications Officer, Africa Team CDI",CDI,Girls Not Brides,Non,"Countries: Kenya, Senegal, Uganda Organization: Girls Not Brides Closing date: 22 Jun 2025 Please note: There is one Senior Communications Officer, Africa Team position available, which may be based in…",,https://offre-emploi.sn/offre-emploi/senior-communications-officer-africa-team/,2025-06-17 11:54:35,emploi.sn,,,,Consultance et Expertise
Contrôleur Financier et Administratif CDI,CDI,Afri RH,Oui,"Le poste de contrôleur financier et administratif requiert une expertise approfondie en comptabilité, en analyse financière et en gestion de trésorerie. Le contrôleur financier et administratif est responsable de garantir…",,https://offre-emploi.sn/offre-emploi/controleur-financier-et-administratif/,2025-06-17 11:54:41,emploi.sn,,,,Administration et Finance
Food Security Analyst CDI,CDI,CTG (Committed To Good),Oui,"Countries: Colombia, Ethiopia, India, Kenya, Myanmar, Niger, Philippines, Senegal, Sudan, Uganda, Ukraine, Zambia Organization: CTG (Committed To Good) Closing date: 31 Dec 2025 CTG overview CTG was established in 2006,…",,https://offre-emploi.sn/offre-emploi/food-security-analyst/,2025-06-17 11:54:41,emploi.sn,,,,Analyse et Recherche
"Chargé.e d’évaluation Senior pour le Sénégal, basé.e à Dakar CDI",CDI,IMPACT Initiatives,Oui,"Country: Senegal Organization: IMPACT Initiatives Closing date: 30 Jun 2025 BACKGROUND D’IMPACT ET REACH IMPACT Initiatives est une ONG humanitaire basée à Genève, en Suisse. L’organisation gère plusieurs initiatives (REACH,…","Dakar, Sénégal",https://offre-emploi.sn/offre-emploi/charge-e-devaluation-senior-pour-le-senegal-base-e-a-dakar-2/,2025-06-17 11:54:41,emploi.sn,,,,Consultance et Expertise
"Responsable de Recherche (Associé.e) pour le Sénégal, basé.e à Dakar CDI",CDI,IMPACT Initiatives,Oui,Country: Senegal Organization: IMPACT Initiatives Closing date: 30 Jun 2025 Nous sommes actuellement à la recherche d’un.e responsable de recherche (associé.e) pour soutenir notre équipe régionale au Sénégal. Titre :…,"Dakar, Sénégal",https://offre-emploi.sn/offre-emploi/responsable-de-recherche-associe-e-pour-le-senegal-base-e-a-dakar/,2025-06-17 11:54:41,emploi.sn,,,,Gestion de Projet
Evidence to Advocacy Specialist: Conflict and Crisis-Affected Settings CDI,CDI,Girls Not Brides,Non,"Countries: Kenya, Senegal Organization: Girls Not Brides Closing date: 29 Jun 2025 Please note: There is one vacancy for the Evidence to Advocacy: Conflict and Crisis-Affected Settings position, which can…",,https://offre-emploi.sn/offre-emploi/evidence-to-advocacy-specialist-conflict-and-crisis-affected-settings/,2025-06-17 11:54:41,emploi.sn,,,,Consultance et Expertise
RDH DTM Reporting Intern CDI,CDI,International Organization for Migration,Non,"Country: Senegal Organization: International Organization for Migration Closing date: 26 Jun 2025 IOM is committed to ensuring a workplace where all employees can thrive professionally, while working towards harnessing the…",,https://offre-emploi.sn/offre-emploi/rdh-dtm-reporting-intern/,2025-06-17 11:54:41,emploi.sn,,,,Support Administratif
RDH Information Management Intern: Overview CDI,CDI,International Organization for Migration,Non,"Country: Senegal Organization: International Organization for Migration Closing date: 26 Jun 2025 IOM is committed to ensuring a workplace where all employees can thrive professionally, while working towards harnessing the…",,https://offre-emploi.sn/offre-emploi/rdh-information-management-intern-overview/,2025-06-17 11:54:41,emploi.sn,,,,Informatique et Technologie
Chargé.e. de projet « RISE & PLAY » Sénégal CDI,CDI,PLAY International,Non,Country: Senegal Organization: PLAY International Closing date: 15 Jun 2025 Responsabilités et missions La Fondation Decathlon en lien avec LA GUILDE a octroyé un financement à PLAY INTERNATIONAL pour mettre…,,https://offre-emploi.sn/offre-emploi/charge-e-de-projet-rise-play-senegal/,2025-06-17 11:54:41,emploi.sn,,,,Gestion de Projet
CHARGÉ.E DE PROJET – PROTECTION DES LANCEURS D’ALERTE ET LUTTE CONTRE LES FLUX FINANCIERS ILLICITES CDI,CDI,Platform to Protect Whistleblowers in Africa,Non,Country: Senegal Organization: Platform to Protect Whistleblowers in Africa Closing date: 30 Jun 2025 Titre du poste : Chargé·e de projet – Protection des lanceurs d’alerte et lutte contre les…,,https://offre-emploi.sn/offre-emploi/charge-e-de-projet-protection-des-lanceurs-dalerte-et-lutte-contre-les-flux-financiers-illicites/,2025-06-17 11:54:41,emploi.sn,,,,Gestion de Projet
"Senior Communications Officer, Africa Team CDI",CDI,Girls Not Brides,Non,"Countries: Kenya, Senegal, Uganda Organization: Girls Not Brides Closing date: 22 Jun 2025 Please note: There is one Senior Communications Officer, Africa Team position available, which may be based in…",,https://offre-emploi.sn/offre-emploi/senior-communications-officer-africa-team/,2025-06-17 11:54:41,emploi.sn,,,,Consultance et Expertise
Contrôleur Financier et Administratif CDI,CDI,Afri RH,Oui,"Le poste de contrôleur financier et administratif requiert une expertise approfondie en comptabilité, en analyse financière et en gestion de trésorerie. Le contrôleur financier et administratif est responsable de garantir…",,https://offre-emploi.sn/offre-emploi/controleur-financier-et-administratif/,2025-06-17 11:54:48,emploi.sn,,,,Administration et Finance
Food Security Analyst CDI,CDI,CTG (Committed To Good),Oui,"Countries: Colombia, Ethiopia, India, Kenya, Myanmar, Niger, Philippines, Senegal, Sudan, Uganda, Ukraine, Zambia Organization: CTG (Committed To Good) Closing date: 31 Dec 2025 CTG overview CTG was established in 2006,…",,https://offre-emploi.sn/offre-emploi/food-security-analyst/,2025-06-17 11:54:48,emploi.sn,,,,Analyse et Recherche
"Chargé.e d’évaluation Senior pour le Sénégal, basé.e à Dakar CDI",CDI,IMPACT Initiatives,Oui,"Country: Senegal Organization: IMPACT Initiatives Closing date: 30 Jun 2025 BACKGROUND D’IMPACT ET REACH IMPACT Initiatives est une ONG humanitaire basée à Genève, en Suisse. L’organisation gère plusieurs initiatives (REACH,…","Dakar, Sénégal",https://offre-emploi.sn/offre-emploi/charge-e-devaluation-senior-pour-le-senegal-base-e-a-dakar-2/,2025-06-17 11:54:48,emploi.sn,,,,Consultance et Expertise
"Responsable de Recherche (Associé.e) pour le Sénégal, basé.e à Dakar CDI",CDI,IMPACT Initiatives,Oui,Country: Senegal Organization: IMPACT Initiatives Closing date: 30 Jun 2025 Nous sommes actuellement à la recherche d’un.e responsable de recherche (associé.e) pour soutenir notre équipe régionale au Sénégal. Titre :…,"Dakar, Sénégal",https://offre-emploi.sn/offre-emploi/responsable-de-recherche-associe-e-pour-le-senegal-base-e-a-dakar/,2025-06-17 11:54:48,emploi.sn,,,,Gestion de Projet
Evidence to Advocacy Specialist: Conflict and Crisis-Affected Settings CDI,CDI,Girls Not Brides,Non,"Countries: Kenya, Senegal Organization: Girls Not Brides Closing date: 29 Jun 2025 Please note: There is one vacancy for the Evidence to Advocacy: Conflict and Crisis-Affected Settings position, which can…",,https://offre-emploi.sn/offre-emploi/evidence-to-advocacy-specialist-conflict-and-crisis-affected-settings/,2025-06-17 11:54:48,emploi.sn,,,,Consultance et Expertise
RDH DTM Reporting Intern CDI,CDI,International Organization for Migration,Non,"Country: Senegal Organization: International Organization for Migration Closing date: 26 Jun 2025 IOM is committed to ensuring a workplace where all employees can thrive professionally, while working towards harnessing the…",,https://offre-emploi.sn/offre-emploi/rdh-dtm-reporting-intern/,2025-06-17 11:54:48,emploi.sn,,,,Support Administratif
RDH Information Management Intern: Overview CDI,CDI,International Organization for Migration,Non,"Country: Senegal Organization: International Organization for Migration Closing date: 26 Jun 2025 IOM is committed to ensuring a workplace where all employees can thrive professionally, while working towards harnessing the…",,https://offre-emploi.sn/offre-emploi/rdh-information-management-intern-overview/,2025-06-17 11:54:48,emploi.sn,,,,Informatique et Technologie
Chargé.e. de projet « RISE & PLAY » Sénégal CDI,CDI,PLAY International,Non,Country: Senegal Organization: PLAY International Closing date: 15 Jun 2025 Responsabilités et missions La Fondation Decathlon en lien avec LA GUILDE a octroyé un financement à PLAY INTERNATIONAL pour mettre…,,https://offre-emploi.sn/offre-emploi/charge-e-de-projet-rise-play-senegal/,2025-06-17 11:54:48,emploi.sn,,,,Gestion de Projet
CHARGÉ.E DE PROJET – PROTECTION DES LANCEURS D’ALERTE ET LUTTE CONTRE LES FLUX FINANCIERS ILLICITES CDI,CDI,Platform to Protect Whistleblowers in Africa,Non,Country: Senegal Organization: Platform to Protect Whistleblowers in Africa Closing date: 30 Jun 2025 Titre du poste : Chargé·e de projet – Protection des lanceurs d’alerte et lutte contre les…,,https://offre-emploi.sn/offre-emploi/charge-e-de-projet-protection-des-lanceurs-dalerte-et-lutte-contre-les-flux-financiers-illicites/,2025-06-17 11:54:48,emploi.sn,,,,Gestion de Projet
"Senior Communications Officer, Africa Team CDI",CDI,Girls Not Brides,Non,"Countries: Kenya, Senegal, Uganda Organization: Girls Not Brides Closing date: 22 Jun 2025 Please note: There is one Senior Communications Officer, Africa Team position available, which may be based in…",,https://offre-emploi.sn/offre-emploi/senior-communications-officer-africa-team/,2025-06-17 11:54:48,emploi.sn,,,,Consultance et Expertise
Contrôleur Financier et Administratif CDI,CDI,Afri RH,Oui,"Le poste de contrôleur financier et administratif requiert une expertise approfondie en comptabilité, en analyse financière et en gestion de trésorerie. Le contrôleur financier et administratif est responsable de garantir…",,https://offre-emploi.sn/offre-emploi/controleur-financier-et-administratif/,2025-06-17 11:54:54,emploi.sn,,,,Administration et Finance
Food Security Analyst CDI,CDI,CTG (Committed To Good),Oui,"Countries: Colombia, Ethiopia, India, Kenya, Myanmar, Niger, Philippines, Senegal, Sudan, Uganda, Ukraine, Zambia Organization: CTG (Committed To Good) Closing date: 31 Dec 2025 CTG overview CTG was established in 2006,…",,https://offre-emploi.sn/offre-emploi/food-security-analyst/,2025-06-17 11:54:54,emploi.sn,,,,Analyse et Recherche
"Chargé.e d’évaluation Senior pour le Sénégal, basé.e à Dakar CDI",CDI,IMPACT Initiatives,Oui,"Country: Senegal Organization: IMPACT Initiatives Closing date: 30 Jun 2025 BACKGROUND D’IMPACT ET REACH IMPACT Initiatives est une ONG humanitaire basée à Genève, en Suisse. L’organisation gère plusieurs initiatives (REACH,…","Dakar, Sénégal",https://offre-emploi.sn/offre-emploi/charge-e-devaluation-senior-pour-le-senegal-base-e-a-dakar-2/,2025-06-17 11:54:54,emploi.sn,,,,Consultance et Expertise
"Responsable de Recherche (Associé.e) pour le Sénégal, basé.e à Dakar CDI",CDI,IMPACT Initiatives,Oui,Country: Senegal Organization: IMPACT Initiatives Closing date: 30 Jun 2025 Nous sommes actuellement à la recherche d’un.e responsable de recherche (associé.e) pour soutenir notre équipe régionale au Sénégal. Titre :…,"Dakar, Sénégal",https://offre-emploi.sn/offre-emploi/responsable-de-recherche-associe-e-pour-le-senegal-base-e-a-dakar/,2025-06-17 11:54:54,emploi.sn,,,,Gestion de Projet
Evidence to Advocacy Specialist: Conflict and Crisis-Affected Settings CDI,CDI,Girls Not Brides,Non,"Countries: Kenya, Senegal Organization: Girls Not Brides Closing date: 29 Jun 2025 Please note: There is one vacancy for the Evidence to Advocacy: Conflict and Crisis-Affected Settings position, which can…",,https://offre-emploi.sn/offre-emploi/evidence-to-advocacy-specialist-conflict-and-crisis-affected-settings/,2025-06-17 11:54:54,emploi.sn,,,,Consultance et Expertise
RDH DTM Reporting Intern CDI,CDI,International Organization for Migration,Non,"Country: Senegal Organization: International Organization for Migration Closing date: 26 Jun 2025 IOM is committed to ensuring a workplace where all employees can thrive professionally, while working towards harnessing the…",,https://offre-emploi.sn/offre-emploi/rdh-dtm-reporting-intern/,2025-06-17 11:54:54,emploi.sn,,,,Support Administratif
RDH Information Management Intern: Overview CDI,CDI,International Organization for Migration,Non,"Country: Senegal Organization: International Organization for Migration Closing date: 26 Jun 2025 IOM is committed to ensuring a workplace where all employees can thrive professionally, while working towards harnessing the…",,https://offre-emploi.sn/offre-emploi/rdh-information-management-intern-overview/,2025-06-17 11:54:54,emploi.sn,,,,Informatique et Technologie
Chargé.e. de projet « RISE & PLAY » Sénégal CDI,CDI,PLAY International,Non,Country: Senegal Organization: PLAY International Closing date: 15 Jun 2025 Responsabilités et missions La Fondation Decathlon en lien avec LA GUILDE a octroyé un financement à PLAY INTERNATIONAL pour mettre…,,https://offre-emploi.sn/offre-emploi/charge-e-de-projet-rise-play-senegal/,2025-06-17 11:54:54,emploi.sn,,,,Gestion de Projet
CHARGÉ.E DE PROJET – PROTECTION DES LANCEURS D’ALERTE ET LUTTE CONTRE LES FLUX FINANCIERS ILLICITES CDI,CDI,Platform to Protect Whistleblowers in Africa,Non,Country: Senegal Organization: Platform to Protect Whistleblowers in Africa Closing date: 30 Jun 2025 Titre du poste : Chargé·e de projet – Protection des lanceurs d’alerte et lutte contre les…,,https://offre-emploi.sn/offre-emploi/charge-e-de-projet-protection-des-lanceurs-dalerte-et-lutte-contre-les-flux-financiers-illicites/,2025-06-17 11:54:54,emploi.sn,,,,Gestion de Projet
"Senior Communications Officer, Africa Team CDI",CDI,Girls Not Brides,Non,"Countries: Kenya, Senegal, Uganda Organization: Girls Not Brides Closing date: 22 Jun 2025 Please note: There is one Senior Communications Officer, Africa Team position available, which may be based in…",,https://offre-emploi.sn/offre-emploi/senior-communications-officer-africa-team/,2025-06-17 11:54:54,emploi.sn,,,,Consultance et Expertise
Contrôleur Financier et Administratif CDI,CDI,Afri RH,Oui,"Le poste de contrôleur financier et administratif requiert une expertise approfondie en comptabilité, en analyse financière et en gestion de trésorerie. Le contrôleur financier et administratif est responsable de garantir…",,https://offre-emploi.sn/offre-emploi/controleur-financier-et-administratif/,2025-06-17 11:55:01,emploi.sn,,,,Administration et Finance
Food Security Analyst CDI,CDI,CTG (Committed To Good),Oui,"Countries: Colombia, Ethiopia, India, Kenya, Myanmar, Niger, Philippines, Senegal, Sudan, Uganda, Ukraine, Zambia Organization: CTG (Committed To Good) Closing date: 31 Dec 2025 CTG overview CTG was established in 2006,…",,https://offre-emploi.sn/offre-emploi/food-security-analyst/,2025-06-17 11:55:01,emploi.sn,,,,Analyse et Recherche
"Chargé.e d’évaluation Senior pour le Sénégal, basé.e à Dakar CDI",CDI,IMPACT Initiatives,Oui,"Country: Senegal Organization: IMPACT Initiatives Closing date: 30 Jun 2025 BACKGROUND D’IMPACT ET REACH IMPACT Initiatives est une ONG humanitaire basée à Genève, en Suisse. L’organisation gère plusieurs initiatives (REACH,…","Dakar, Sénégal",https://offre-emploi.sn/offre-emploi/charge-e-devaluation-senior-pour-le-senegal-base-e-a-dakar-2/,2025-06-17 11:55:01,emploi.sn,,,,Consultance et Expertise
"Responsable de Recherche (Associé.e) pour le Sénégal, basé.e à Dakar CDI",CDI,IMPACT Initiatives,Oui,Country: Senegal Organization: IMPACT Initiatives Closing date: 30 Jun 2025 Nous sommes actuellement à la recherche d’un.e responsable de recherche (associé.e) pour soutenir notre équipe régionale au Sénégal. Titre :…,"Dakar, Sénégal",https://offre-emploi.sn/offre-emploi/responsable-de-recherche-associe-e-pour-le-senegal-base-e-a-dakar/,2025-06-17 11:55:01,emploi.sn,,,,Gestion de Projet
Evidence to Advocacy Specialist: Conflict and Crisis-Affected Settings CDI,CDI,Girls Not Brides,Non,"Countries: Kenya, Senegal Organization: Girls Not Brides Closing date: 29 Jun 2025 Please note: There is one vacancy for the Evidence to Advocacy: Conflict and Crisis-Affected Settings position, which can…",,https://offre-emploi.sn/offre-emploi/evidence-to-advocacy-specialist-conflict-and-crisis-affected-settings/,2025-06-17 11:55:01,emploi.sn,,,,Consultance et Expertise
RDH DTM Reporting Intern CDI,CDI,International Organization for Migration,Non,"Country: Senegal Organization: International Organization for Migration Closing date: 26 Jun 2025 IOM is committed to ensuring a workplace where all employees can thrive professionally, while working towards harnessing the…",,https://offre-emploi.sn/offre-emploi/rdh-dtm-reporting-intern/,2025-06-17 11:55:01,emploi.sn,,,,Support Administratif
RDH Information Management Intern: Overview CDI,CDI,International Organization for Migration,Non,"Country: Senegal Organization: International Organization for Migration Closing date: 26 Jun 2025 IOM is committed to ensuring a workplace where all employees can thrive professionally, while working towards harnessing the…",,https://offre-emploi.sn/offre-emploi/rdh-information-management-intern-overview/,2025-06-17 11:55:01,emploi.sn,,,,Informatique et Technologie
Chargé.e. de projet « RISE & PLAY » Sénégal CDI,CDI,PLAY International,Non,Country: Senegal Organization: PLAY International Closing date: 15 Jun 2025 Responsabilités et missions La Fondation Decathlon en lien avec LA GUILDE a octroyé un financement à PLAY INTERNATIONAL pour mettre…,,https://offre-emploi.sn/offre-emploi/charge-e-de-projet-rise-play-senegal/,2025-06-17 11:55:01,emploi.sn,,,,Gestion de Projet
CHARGÉ.E DE PROJET – PROTECTION DES LANCEURS D’ALERTE ET LUTTE CONTRE LES FLUX FINANCIERS ILLICITES CDI,CDI,Platform to Protect Whistleblowers in Africa,Non,Country: Senegal Organization: Platform to Protect Whistleblowers in Africa Closing date: 30 Jun 2025 Titre du poste : Chargé·e de projet – Protection des lanceurs d’alerte et lutte contre les…,,https://offre-emploi.sn/offre-emploi/charge-e-de-projet-protection-des-lanceurs-dalerte-et-lutte-contre-les-flux-financiers-illicites/,2025-06-17 11:55:01,emploi.sn,,,,Gestion de Projet
"Senior Communications Officer, Africa Team CDI",CDI,Girls Not Brides,Non,"Countries: Kenya, Senegal, Uganda Organization: Girls Not Brides Closing date: 22 Jun 2025 Please note: There is one Senior Communications Officer, Africa Team position available, which may be based in…",,https://offre-emploi.sn/offre-emploi/senior-communications-officer-africa-team/,2025-06-17 11:55:01,emploi.sn,,,,Consultance et Expertise
Technicien·ne en transformation agroalimentaire,,,,,Publié:2025-06-1717 Jui.,https://senjob.com/sn/jobseekers/technicien·ne-en-transformation-agroalimentaire_e_156107.html,,senjob.sn,Dakar,Publié:2025-06-1717 Jui.,1.0,Technique et Ingénierie
Technicien de maintenance des machines agroalimentaires,,,,,Publié:2025-06-1717 Jui.,https://senjob.com/sn/jobseekers/technicien-de-maintenance-des-machines-agroalimentaires_e_156106.html,,senjob.sn,Dakar,Publié:2025-06-1717 Jui.,1.0,Technique et Ingénierie
Standardiste expérimenté(e) chargé(e) de la clientèle,,,,,Publié:2025-06-1717 Jui.,https://senjob.com/sn/jobseekers/standardiste-expérimenté-e--chargé-e--de-la-clientèle_e_156105.html,,senjob.sn,Dakar,Publié:2025-06-1717 Jui.,1.0,Consultance et Expertise
Assistant(e) Technico-commercial(e) Réseaux Systèmes,,,,,Publié:2025-06-1717 Jui.,https://senjob.com/sn/jobseekers/assistant-e--technico-commercial-e--réseaux-systèmes_e_156104.html,,senjob.sn,Dakar,Publié:2025-06-1717 Jui.,1.0,Communication et Marketing
Assistante Administrative/ Gestionnaire de Stock,,,,,Publié:2025-06-1717 Jui.,https://senjob.com/sn/jobseekers/assistante-administrative--gestionnaire-de-stock_e_156103.html,,senjob.sn,Dakar,Publié:2025-06-1717 Jui.,1.0,Support Administratif
Stagiaire – Téléservices Digitaux & Rédaction,,,,,Publié:2025-06-1717 Jui.,https://senjob.com/sn/jobseekers/stagiaire-–-téléservices-digitaux---rédaction_e_156102.html,,senjob.sn,Dakar,Publié:2025-06-1717 Jui.,1.0,Consultance et Expertise
Stage Développeur Frontend (React / Flutter) – Profil Junior – Télétravail,,,,,Publié:2025-06-1717 Jui.,https://senjob.com/sn/jobseekers/stage-développeur-frontend--react---flutter--–-profil-junior-–-télétravail_e_156101.html,,senjob.sn,Dakar,Publié:2025-06-1717 Jui.,1.0,Informatique et Technologie
Coordonnateur.trice de la Programmation du Projet YEAH,,,,,Publié:2025-06-1717 Jui.,https://senjob.com/sn/jobseekers/coordonnateur.trice-de-la-programmation-du-projet-yeah_e_156100.html,,senjob.sn,Dakar,Publié:2025-06-1717 Jui.,1.0,Gestion de Projet
Démarcheur commercial sponsoring & partenariats,,,,,Publié:2025-06-1717 Jui.,https://senjob.com/sn/jobseekers/démarcheur-commercial-sponsoring---partenariats_e_156099.html,,senjob.sn,Dakar,Publié:2025-06-1717 Jui.,1.0,Vente et Commerce
Livreur professionnel,,,,,Publié:2025-06-1717 Jui.,https://senjob.com/sn/jobseekers/livreur-professionnel_e_156098.html,,senjob.sn,Dakar,Publié:2025-06-1717 Jui.,1.0,Gestion et Management
Office Manager,,,,,Publié:2025-05-2222 Mai,https://senjob.com/sn/jobseekers/office-manager_e_155651.html,,senjob.sn,Dakar,Publié:2025-05-2222 Mai,1.0,Gestion et Management
Docteur en pharmacie,,,,,Publié:2025-06-1616 Jui.,https://senjob.com/sn/jobseekers/docteur-en-pharmacie_e_156097.html,,senjob.sn,Dakar,Publié:2025-06-1616 Jui.,1.0,Consultance et Expertise
Retail Maintenance Support (Ingénieur),,,,,Publié:2025-06-1616 Jui.,https://senjob.com/sn/jobseekers/retail-maintenance-support--ingénieur-_e_156096.html,,senjob.sn,Dakar,Publié:2025-06-1616 Jui.,1.0,Technique et Ingénierie
Conseillers Commerciaux,,,,,Publié:2025-06-1616 Jui.,https://senjob.com/sn/jobseekers/conseillers-commerciaux_e_156095.html,,senjob.sn,Dakar,Publié:2025-06-1616 Jui.,1.0,Vente et Commerce
Assistante Administrative et RH,,,,,Publié:2025-06-1616 Jui.,https://senjob.com/sn/jobseekers/assistante-administrative-et-rh_e_156094.html,,senjob.sn,Dakar,Publié:2025-06-1616 Jui.,1.0,Support Administratif
Administrateur de postes de travail,,,,,Publié:2025-06-1616 Jui.,https://senjob.com/sn/jobseekers/administrateur-de-postes-de-travail_e_156093.html,,senjob.sn,Dakar,Publié:2025-06-1616 Jui.,1.0,Gestion et Management
Concepteur développeur,,,,,Publié:2025-06-1616 Jui.,https://senjob.com/sn/jobseekers/concepteur-développeur_e_156092.html,,senjob.sn,Dakar,Publié:2025-06-1616 Jui.,1.0,Gestion de Projet
Chargé de programme,,,,,Publié:2025-06-1616 Jui.,https://senjob.com/sn/jobseekers/chargé-de-programme_e_156091.html,,senjob.sn,Dakar,Publié:2025-06-1616 Jui.,1.0,Gestion de Projet
Surveillant des infrastructures de marchés financiers,,,,,Publié:2025-06-1616 Jui.,https://senjob.com/sn/jobseekers/surveillant-des-infrastructures-de-marchés-financiers_e_156090.html,,senjob.sn,Dakar,Publié:2025-06-1616 Jui.,1.0,Administration et Finance
Téléopérateur/téléopératrice,,,,,Publié:2025-06-1616 Jui.,https://senjob.com/sn/jobseekers/téléopérateur-téléopératrice_e_156089.html,,senjob.sn,Dakar,Publié:2025-06-1616 Jui.,1.0,Consultance et Expertise
Administrateur réseaux télécoms,,,,,Publié:2025-06-1616 Jui.,https://senjob.com/sn/jobseekers/administrateur-réseaux-télécoms_e_156088.html,,senjob.sn,Dakar,Publié:2025-06-1616 Jui.,1.0,Support Administratif
Agent Formateur VE,,,,,Publié:2025-06-1616 Jui.,https://senjob.com/sn/jobseekers/agent-formateur-ve_e_156087.html,,senjob.sn,Zone Rurale,Publié:2025-06-1616 Jui.,1.0,Support Administratif
Appel à Consultance / CONSULTANT/CABINET POUR L'ÉLABORATION DU DOCUMENT D'ORIENTATION SUR LES MÉCANISMES DE MOTIVATION DES ACTEURS COMMUNAUTAIRES DE SANTÉ,,,,,Publié:2025-06-1010 Jui.,https://senjob.com/sn/jobseekers/appel-à-consultance---consultant-cabinet-pour-l-Élaboration-du-document-d-orientation-sur-les-mÉcanismes-de-motivation-des-acteurs-communautaires-de-santÉ_e_155984.html,,senjob.sn,Dakar,Publié:2025-06-1010 Jui.,1.0,Consultance et Expertise
Engineering Technical Consultant,,,,,Publié:2025-06-1616 Jui.,https://senjob.com/sn/jobseekers/engineering-technical-consultant_e_156085.html,,senjob.sn,Dakar,Publié:2025-06-1616 Jui.,1.0,Technique et Ingénierie
RDH DTM Reporting Intern,,,,,Publié:2025-06-1212 Jui.,https://senjob.com/sn/jobseekers/rdh-dtm-reporting-intern_e_156021.html,,senjob.sn,Dakar,Publié:2025-06-1212 Jui.,1.0,Ressources Humaines
APPEL A PROPOSITION – CONSULTANT ou CABINET DE CONSULTANT POUR L'ANALYSE DE L'ECONOMIE POLITIQUE,,,,,Publié:2025-06-1010 Jui.,https://senjob.com/sn/jobseekers/appel-a-proposition-–-consultant-ou-cabinet-de-consultant-pour-l-analyse-de-l-economie-politique_e_155976.html,,senjob.sn,Dakar,Publié:2025-06-1010 Jui.,1.0,Consultance et Expertise
RDH Information Management Intern -,,,,,Publié:2025-06-1212 Jui.,https://senjob.com/sn/jobseekers/rdh-information-management-intern--_e_156020.html,,senjob.sn,Dakar,Publié:2025-06-1212 Jui.,1.0,Informatique et Technologie
Appel d''Offre / Choix d'un hôtelier à Ziguinchor,,,,,Publié:2025-06-1010 Jui.,https://senjob.com/sn/jobseekers/appel-d--offre---choix-d-un-hôtelier-à-ziguinchor_e_155974.html,,senjob.sn,ziguinchor,Publié:2025-06-1010 Jui.,1.0,Vente et Commerce
directeur commerciale,,,,,Publié:2025-06-0404 Jui.,https://senjob.com/sn/jobseekers/directeur-commerciale_e_155894.html,,senjob.sn,Dakar,Publié:2025-06-0404 Jui.,1.0,Vente et Commerce
Chargé(e) des opérations,,,,,Publié:2025-06-1616 Jui.,https://senjob.com/sn/jobseekers/chargé-e--des-opérations_e_156083.html,,senjob.sn,Dakar,Publié:2025-06-1616 Jui.,1.0,Gestion et Management
Administrateur systèmes SOC,,,,,Publié:2025-06-1616 Jui.,https://senjob.com/sn/jobseekers/administrateur-systèmes-soc_e_156082.html,,senjob.sn,Dakar,Publié:2025-06-1616 Jui.,1.0,Gestion et Management
Agent polyvalent,,,,,Publié:2025-06-1616 Jui.,https://senjob.com/sn/jobseekers/agent-polyvalent_e_156081.html,,senjob.sn,Dakar,Publié:2025-06-1616 Jui.,1.0,Gestion et Management
Stagiaires en qualité de techniciens de surface,,,,,Publié:2025-06-1616 Jui.,https://senjob.com/sn/jobseekers/stagiaires-en-qualité-de-techniciens-de-surface_e_156080.html,,senjob.sn,Dakar,Publié:2025-06-1616 Jui.,1.0,Technique et Ingénierie
Agent de service,,,,,Publié:2025-06-1616 Jui.,https://senjob.com/sn/jobseekers/agent-de-service_e_156079.html,,senjob.sn,Dakar,Publié:2025-06-1616 Jui.,1.0,Support Administratif
Data Analysis Consultant,,,,,Publié:2025-06-1616 Jui.,https://senjob.com/sn/jobseekers/data-analysis-consultant_e_156078.html,,senjob.sn,Dakar,Publié:2025-06-1616 Jui.,1.0,Consultance et Expertise
Chargé du financement des économies,,,,,Publié:2025-06-1616 Jui.,https://senjob.com/sn/jobseekers/chargé-du-financement-des-économies_e_156077.html,,senjob.sn,Dakar,Publié:2025-06-1616 Jui.,1.0,Administration et Finance
"Intern, Central Africa Project",,,,,Publié:2025-06-1616 Jui.,"https://senjob.com/sn/jobseekers/intern,-central-africa-project_e_156076.html",,senjob.sn,Dakar,Publié:2025-06-1616 Jui.,1.0,Gestion de Projet
Finance Assistant,,,,,Publié:2025-06-1616 Jui.,https://senjob.com/sn/jobseekers/finance-assistant_e_156075.html,,senjob.sn,Dakar,Publié:2025-06-1616 Jui.,1.0,Support Administratif
Graphic & Motion Design Intern,,,,,Publié:2025-06-1616 Jui.,https://senjob.com/sn/jobseekers/graphic---motion-design-intern_e_156074.html,,senjob.sn,Dakar,Publié:2025-06-1616 Jui.,1.0,Consultance et Expertise
Superviseur / Formateur Homme Restauration rapide,,,,,Publié:2025-06-1616 Jui.,https://senjob.com/sn/jobseekers/superviseur---formateur-homme-restauration-rapide_e_156073.html,,senjob.sn,Dakar,Publié:2025-06-1616 Jui.,1.0,Ressources Humaines
Esthéticienne confirmée,,,,,Publié:2025-06-1616 Jui.,https://senjob.com/sn/jobseekers/esthéticienne-confirmée_e_156072.html,,senjob.sn,Dakar,Publié:2025-06-1616 Jui.,2.0,Consultance et Expertise
Gestionnaire de projets,,,,,Publié:2025-06-1616 Jui.,https://senjob.com/sn/jobseekers/gestionnaire-de-projets_e_156071.html,,senjob.sn,Dakar,Publié:2025-06-1616 Jui.,2.0,Gestion de Projet
Stage Développeur Full-Stack,,,,,Publié:2025-06-1616 Jui.,https://senjob.com/sn/jobseekers/stage-développeur-full-stack_e_156070.html,,senjob.sn,Dakar,Publié:2025-06-1616 Jui.,2.0,Consultance et Expertise
Regional Operational Effectiveness and Assurance Specialist,,,,,Publié:2025-06-1616 Jui.,https://senjob.com/sn/jobseekers/regional-operational-effectiveness-and-assurance-specialist_e_156069.html,,senjob.sn,Dakar,Publié:2025-06-1616 Jui.,2.0,Consultance et Expertise
Chargé(e) création de contenu / Community Manager,,,,,Publié:2025-06-1616 Jui.,https://senjob.com/sn/jobseekers/chargé-e--création-de-contenu---community-manager_e_156068.html,,senjob.sn,Dakar,Publié:2025-06-1616 Jui.,2.0,Gestion de Projet
Chef de manoeuvre ferroviaire,,,,,Publié:2025-05-2222 Mai,https://senjob.com/sn/jobseekers/chef-de-manoeuvre-ferroviaire_e_155650.html,,senjob.sn,Dakar (seneg...,Publié:2025-05-2222 Mai,2.0,Gestion de Projet
Avis d'appel d'offres prestataires,,,,,Publié:2025-06-1111 Jui.,https://senjob.com/sn/jobseekers/avis-d-appel-d-offres-prestataires_e_155999.html,,senjob.sn,Dakar (seneg...,Publié:2025-06-1111 Jui.,2.0,Gestion de Projet
"Intern, Central Africa Project",,,,,Publié:2025-06-1414 Jui.,"https://senjob.com/sn/jobseekers/intern,-central-africa-project_e_156067.html",,senjob.sn,Dakar,Publié:2025-06-1414 Jui.,2.0,Gestion de Projet
Data Analysis Consultant,,,,,Publié:2025-06-1414 Jui.,https://senjob.com/sn/jobseekers/data-analysis-consultant_e_156066.html,,senjob.sn,Dakar,Publié:2025-06-1414 Jui.,2.0,Consultance et Expertise
Responsable Services Support,,,,,Publié:2025-06-1414 Jui.,https://senjob.com/sn/jobseekers/responsable-services-support_e_156065.html,,senjob.sn,Dakar,Publié:2025-06-1414 Jui.,2.0,Consultance et Expertise
Mobile support technician (MST) nursing,,,,,Publié:2025-06-1414 Jui.,https://senjob.com/sn/jobseekers/mobile-support-technician--mst--nursing_e_156064.html,,senjob.sn,Dakar,Publié:2025-06-1414 Jui.,2.0,Santé et Services Sociaux
Charge de la Communication du Marketing numérique et de la Conception,,,,,Publié:2025-06-1414 Jui.,https://senjob.com/sn/jobseekers/charge-de-la-communication-du-marketing-numérique-et-de-la-conception_e_156062.html,,senjob.sn,Dakar,Publié:2025-06-1414 Jui.,2.0,Communication et Marketing
"Director, Government Relations and Partnerships",,,,,Publié:2025-06-1414 Jui.,"https://senjob.com/sn/jobseekers/director,-government-relations-and-partnerships_e_156061.html",,senjob.sn,Dakar,Publié:2025-06-1414 Jui.,2.0,Gestion et Management
Responsable Services Support,,,,,Publié:2025-06-1414 Jui.,https://senjob.com/sn/jobseekers/responsable-services-support_e_156060.html,,senjob.sn,Dakar,Publié:2025-06-1414 Jui.,2.0,Consultance et Expertise
Monitoring Assistant SSA 4,,,,,Publié:2025-06-1414 Jui.,https://senjob.com/sn/jobseekers/monitoring-assistant-ssa-4_e_156059.html,,senjob.sn,Dakar,Publié:2025-06-1414 Jui.,2.0,Santé et Services Sociaux
Programme Specialist,,,,,Publié:2025-06-1414 Jui.,https://senjob.com/sn/jobseekers/programme-specialist_e_156058.html,,senjob.sn,Dakar,Publié:2025-06-1414 Jui.,2.0,Gestion de Projet
Finance associate,,,,,Publié:2025-06-1313 Jui.,https://senjob.com/sn/jobseekers/finance-associate_e_156057.html,,senjob.sn,Dakar,Publié:2025-06-1313 Jui.,2.0,Support Administratif
Directeur Général,,,,,Publié:2025-06-1313 Jui.,https://senjob.com/sn/jobseekers/directeur-général_e_156056.html,,senjob.sn,Dakar,Publié:2025-06-1313 Jui.,2.0,Gestion et Management
Infirmier(ère) d’Etat en entreprise,,,,,Publié:2025-06-1313 Jui.,https://senjob.com/sn/jobseekers/infirmier-ère--d’etat-en-entreprise_e_156055.html,,senjob.sn,Dakar,Publié:2025-06-1313 Jui.,2.0,Santé et Services Sociaux
RDH DTM Reporting Intern,,,,,Publié:2025-06-1313 Jui.,https://senjob.com/sn/jobseekers/rdh-dtm-reporting-intern_e_156054.html,,senjob.sn,Dakar,Publié:2025-06-1313 Jui.,2.0,Ressources Humaines
Spécialiste de contenus SEO,,,,,Publié:2025-06-0909 Jui.,https://senjob.com/sn/jobseekers/spécialiste-de-contenus-seo_e_155972.html,,senjob.sn,Dakar,Publié:2025-06-0909 Jui.,2.0,Analyse et Recherche
RDH Information Management Intern,,,,,Publié:2025-06-1313 Jui.,https://senjob.com/sn/jobseekers/rdh-information-management-intern_e_156053.html,,senjob.sn,Dakar,Publié:2025-06-1313 Jui.,2.0,Informatique et Technologie
Business Developer,,,,,Publié:2025-06-1313 Jui.,https://senjob.com/sn/jobseekers/business-developer_e_156052.html,,senjob.sn,Dakar,Publié:2025-06-1313 Jui.,2.0,Gestion de Projet
Assistant Juridique,,,,,Publié:2025-06-1313 Jui.,https://senjob.com/sn/jobseekers/assistant-juridique_e_156051.html,,senjob.sn,Dakar,Publié:2025-06-1313 Jui.,2.0,Consultance et Expertise
Assistant en Passation des Marchés,,,,,Publié:2025-06-1313 Jui.,https://senjob.com/sn/jobseekers/assistant-en-passation-des-marchés_e_156050.html,,senjob.sn,Dakar,Publié:2025-06-1313 Jui.,2.0,Vente et Commerce
Assistant en Communication,,,,,Publié:2025-06-1313 Jui.,https://senjob.com/sn/jobseekers/assistant-en-communication_e_156049.html,,senjob.sn,Dakar,Publié:2025-06-1313 Jui.,2.0,Consultance et Expertise
Secrétaire de Direction,,,,,Publié:2025-06-1313 Jui.,https://senjob.com/sn/jobseekers/secrétaire-de-direction_e_156048.html,,senjob.sn,Dakar,Publié:2025-06-1313 Jui.,2.0,Support Administratif
Chauffeur,,,,,Publié:2025-06-1313 Jui.,https://senjob.com/sn/jobseekers/chauffeur_e_156047.html,,senjob.sn,Dakar,Publié:2025-06-1313 Jui.,2.0,Gestion et Management
Assistant administratif et financier,,,,,Publié:2025-06-1313 Jui.,https://senjob.com/sn/jobseekers/assistant-administratif-et-financier_e_156046.html,,senjob.sn,Dakar,Publié:2025-06-1313 Jui.,2.0,Support Administratif
Responsable commercial,,,,,Publié:2025-06-1313 Jui.,https://senjob.com/sn/jobseekers/responsable-commercial_e_156045.html,,senjob.sn,Dakar,Publié:2025-06-1313 Jui.,2.0,Vente et Commerce
Secrétaire Scolaire,,,,,Publié:2025-06-1313 Jui.,https://senjob.com/sn/jobseekers/secrétaire-scolaire_e_156044.html,,senjob.sn,Dakar,Publié:2025-06-1313 Jui.,2.0,Support Administratif
Gouvernante,,,,,Publié:2025-06-1313 Jui.,https://senjob.com/sn/jobseekers/gouvernante_e_156043.html,,senjob.sn,Dakar,Publié:2025-06-1313 Jui.,2.0,Gestion et Management
Commercial/e Free-lance,,,,,Publié:2025-06-1313 Jui.,https://senjob.com/sn/jobseekers/commercial-e-free-lance_e_156042.html,,senjob.sn,Dakar,Publié:2025-06-1313 Jui.,2.0,Vente et Commerce
Modern Trade Sales Manager/KAM,,,,,Publié:2025-06-1313 Jui.,https://senjob.com/sn/jobseekers/modern-trade-sales-manager-kam_e_156041.html,,senjob.sn,Dakar,Publié:2025-06-1313 Jui.,2.0,Vente et Commerce
Femme de menage,,,,,Publié:2025-06-1313 Jui.,https://senjob.com/sn/jobseekers/femme-de-menage_e_156040.html,,senjob.sn,Dakar,Publié:2025-06-1313 Jui.,2.0,Ressources Humaines
Technicien de formulation Agro-alimentaire,,,,,Publié:2025-06-1313 Jui.,https://senjob.com/sn/jobseekers/technicien-de-formulation-agro-alimentaire_e_156039.html,,senjob.sn,Dakar,Publié:2025-06-1313 Jui.,2.0,Consultance et Expertise
Designer Graphique Médical,,,,,Publié:2025-06-1212 Jui.,https://senjob.com/sn/jobseekers/designer-graphique-médical_e_156038.html,,senjob.sn,Dakar,Publié:2025-06-1212 Jui.,2.0,Santé et Services Sociaux
Consultant.e junior,,,,,Publié:2025-06-1212 Jui.,https://senjob.com/sn/jobseekers/consultant.e-junior_e_156037.html,,senjob.sn,Dakar,Publié:2025-06-1212 Jui.,2.0,Consultance et Expertise
Operational cell2 health advisor (tesaco) support,,,,,Publié:2025-06-1212 Jui.,https://senjob.com/sn/jobseekers/operational-cell2-health-advisor--tesaco--support_e_156036.html,,senjob.sn,Dakar,Publié:2025-06-1212 Jui.,2.0,Consultance et Expertise
DRH (Directeur Ressources Humaines ),,,,,Publié:2025-06-1212 Jui.,https://senjob.com/sn/jobseekers/drh--directeur-ressources-humaines--_e_156035.html,,senjob.sn,Dakar,Publié:2025-06-1212 Jui.,3.0,Ressources Humaines
Assistante de Direction,,,,,Publié:2025-06-1212 Jui.,https://senjob.com/sn/jobseekers/assistante-de-direction_e_156034.html,,senjob.sn,Dakar,Publié:2025-06-1212 Jui.,3.0,Support Administratif
Consultant en évaluation des apprentissages,,,,,Publié:2025-06-1212 Jui.,https://senjob.com/sn/jobseekers/consultant-en-évaluation-des-apprentissages_e_156033.html,,senjob.sn,Dakar,Publié:2025-06-1212 Jui.,3.0,Consultance et Expertise
Trade Marketing Manager,,,,,Publié:2025-06-1212 Jui.,https://senjob.com/sn/jobseekers/trade-marketing-manager_e_156032.html,,senjob.sn,Dakar,Publié:2025-06-1212 Jui.,3.0,Vente et Commerce
Public Relations & Press Officer,,,,,Publié:2025-06-1212 Jui.,https://senjob.com/sn/jobseekers/public-relations---press-officer_e_156031.html,,senjob.sn,Dakar,Publié:2025-06-1212 Jui.,3.0,Communication et Marketing
"Assistant.e administratif, financier, logistique (H/F)",,,,,Publié:2025-06-1212 Jui.,"https://senjob.com/sn/jobseekers/assistant.e-administratif,-financier,-logistique--h-f-_e_156030.html",,senjob.sn,Dakar,Publié:2025-06-1212 Jui.,3.0,Support Administratif
"Senior Communications Officer, Africa Team",,,,,Publié:2025-06-1212 Jui.,"https://senjob.com/sn/jobseekers/senior-communications-officer,-africa-team_e_156029.html",,senjob.sn,Dakar,Publié:2025-06-1212 Jui.,3.0,Consultance et Expertise
Directeur(trice) Administratif(ve) et Financier(ère),,,,,Publié:2025-06-1212 Jui.,https://senjob.com/sn/jobseekers/directeur-trice--administratif-ve--et-financier-ère-_e_156028.html,,senjob.sn,Dakar,Publié:2025-06-1212 Jui.,3.0,Gestion et Management
Community Manager Junior – Réseaux Sociaux & Contenus Vidéos,,,,,Publié:2025-06-1212 Jui.,https://senjob.com/sn/jobseekers/community-manager-junior-–-réseaux-sociaux---contenus-vidéos_e_156027.html,,senjob.sn,Dakar,Publié:2025-06-1212 Jui.,3.0,Consultance et Expertise
Technicien en Tuyauterie Industrielle,,,,,Publié:2025-06-1212 Jui.,https://senjob.com/sn/jobseekers/technicien-en-tuyauterie-industrielle_e_156026.html,,senjob.sn,Dakar,Publié:2025-06-1212 Jui.,3.0,Technique et Ingénierie
Consultant SAP & Supply Chain (H/F),,,,,Publié:2025-06-1212 Jui.,https://senjob.com/sn/jobseekers/consultant-sap---supply-chain--h-f-_e_156025.html,,senjob.sn,Dakar,Publié:2025-06-1212 Jui.,3.0,Consultance et Expertise
Senior : Ingénieur Logiciel Full Stack (Java 17 / Angular),,,,,Publié:2025-06-1212 Jui.,https://senjob.com/sn/jobseekers/senior-:-ingénieur-logiciel-full-stack--java-17---angular-_e_156024.html,,senjob.sn,Dakar,Publié:2025-06-1212 Jui.,3.0,Informatique et Technologie
Agents de sécurité,,,,,Publié:2025-06-1212 Jui.,https://senjob.com/sn/jobseekers/agents-de-sécurité_e_156023.html,,senjob.sn,Dakar,Publié:2025-06-1212 Jui.,3.0,Consultance et Expertise
Télévendeurs,,,,,Publié:2025-06-1212 Jui.,https://senjob.com/sn/jobseekers/télévendeurs_e_156022.html,,senjob.sn,Dakar,Publié:2025-06-1212 Jui.,3.0,Vente et Commerce
Commercial(e),,,,,Publié:2025-06-1111 Jui.,https://senjob.com/sn/jobseekers/commercial-e-_e_156018.html,,senjob.sn,Dakar,Publié:2025-06-1111 Jui.,3.0,Vente et Commerce
Sales Team Leader,,,,,Publié:2025-06-1111 Jui.,https://senjob.com/sn/jobseekers/sales-team-leader_e_156017.html,,senjob.sn,Dakar,Publié:2025-06-1111 Jui.,3.0,Vente et Commerce
Responsable technique (Ingénieur de recherche) en microscopie électronique,,,,,Publié:2025-06-1111 Jui.,https://senjob.com/sn/jobseekers/responsable-technique--ingénieur-de-recherche--en-microscopie-électronique_e_156016.html,,senjob.sn,Dakar,Publié:2025-06-1111 Jui.,3.0,Technique et Ingénierie
Responsable du Centre National de Microscopie Électronique de la Cité du Savoir,,,,,Publié:2025-06-1111 Jui.,https://senjob.com/sn/jobseekers/responsable-du-centre-national-de-microscopie-Électronique-de-la-cité-du-savoir_e_156015.html,,senjob.sn,Dakar,Publié:2025-06-1111 Jui.,3.0,Consultance et Expertise
Assistant (e) pour le Centre National de Microscopie Électronique de la Cité du Savoir,,,,,Publié:2025-06-1111 Jui.,https://senjob.com/sn/jobseekers/assistant--e--pour-le-centre-national-de-microscopie-Électronique-de-la-cité-du-savoir_e_156014.html,,senjob.sn,Dakar,Publié:2025-06-1111 Jui.,3.0,Support Administratif
Professeur d’Anglais américain,,,,,Publié:2025-06-1111 Jui.,https://senjob.com/sn/jobseekers/professeur-d’anglais-américain_e_156013.html,,senjob.sn,Dakar,Publié:2025-06-1111 Jui.,3.0,Consultance et Expertise
Agent d’accueil – Standardiste,,,,,Publié:2025-06-1111 Jui.,https://senjob.com/sn/jobseekers/agent-d’accueil-–-standardiste_e_156012.html,,senjob.sn,Dakar,Publié:2025-06-1111 Jui.,3.0,Support Administratif
Stagiaire Assistant(e) Administratif(e),,,,,Publié:2025-06-1111 Jui.,https://senjob.com/sn/jobseekers/stagiaire-assistant-e--administratif-e-_e_156011.html,,senjob.sn,Dakar,Publié:2025-06-1111 Jui.,3.0,Support Administratif
Directeur de l’Influence et de la Communication,,,,,Publié:2025-06-1111 Jui.,https://senjob.com/sn/jobseekers/directeur-de-l’influence-et-de-la-communication_e_156010.html,,senjob.sn,Dakar,Publié:2025-06-1111 Jui.,3.0,Gestion et Management
Chargé de la Communication du Marketing numérique et de la Conception,,,,,Publié:2025-06-1111 Jui.,https://senjob.com/sn/jobseekers/chargé-de-la-communication-du-marketing-numérique-et-de-la-conception_e_156009.html,,senjob.sn,Dakar,Publié:2025-06-1111 Jui.,3.0,Communication et Marketing
(02) Chargé(e)s de Relation Client,,,,,Publié:2025-06-1111 Jui.,https://senjob.com/sn/jobseekers/-02--chargé-e-s-de-relation-client_e_156008.html,,senjob.sn,Dakar,Publié:2025-06-1111 Jui.,3.0,Consultance et Expertise
(03) Réceptionnistes,,,,,Publié:2025-06-1111 Jui.,https://senjob.com/sn/jobseekers/-03--réceptionnistes_e_156007.html,,senjob.sn,Dakar,Publié:2025-06-1111 Jui.,3.0,Support Administratif
Responsable Technique,,,,,Publié:2025-06-1111 Jui.,https://senjob.com/sn/jobseekers/responsable-technique_e_156006.html,,senjob.sn,Dakar,Publié:2025-06-1111 Jui.,3.0,Consultance et Expertise
Regional People and Culture Director,,,,,Publié:2025-06-1111 Jui.,https://senjob.com/sn/jobseekers/regional-people-and-culture-director_e_156004.html,,senjob.sn,Dakar,Publié:2025-06-1111 Jui.,3.0,Gestion et Management
Senior Analyst,,,,,Publié:2025-06-1111 Jui.,https://senjob.com/sn/jobseekers/senior-analyst_e_156003.html,,senjob.sn,Dakar,Publié:2025-06-1111 Jui.,3.0,Consultance et Expertise
Serveur/se,,,,,Publié:2025-06-1111 Jui.,https://senjob.com/sn/jobseekers/serveur-se_e_156001.html,,senjob.sn,Dakar,Publié:2025-06-1111 Jui.,3.0,Support Administratif
Responsable Economat,,,,,Publié:2025-06-1111 Jui.,https://senjob.com/sn/jobseekers/responsable-economat_e_156000.html,,senjob.sn,Dakar,Publié:2025-06-1111 Jui.,3.0,Administration et Finance
Chargé·e de projet – Protection des lanceurs d’alerte et lutte contre les flux financiers illicites,,,,,Publié:2025-06-1010 Jui.,https://senjob.com/sn/jobseekers/chargé·e-de-projet-–-protection-des-lanceurs-d’alerte-et-lutte-contre-les-flux-financiers-illicites_e_155997.html,,senjob.sn,Dakar,Publié:2025-06-1010 Jui.,3.0,Gestion de Projet
Collaborateurs en Télétravail,,,,,Publié:2025-06-1010 Jui.,https://senjob.com/sn/jobseekers/collaborateurs-en-télétravail_e_155996.html,,senjob.sn,Dakar,Publié:2025-06-1010 Jui.,3.0,Consultance et Expertise
Conseiller Client,,,,,Publié:2025-06-1010 Jui.,https://senjob.com/sn/jobseekers/conseiller-client_e_155995.html,,senjob.sn,Dakar,Publié:2025-06-1010 Jui.,3.0,Consultance et Expertise
Responsable Marketing & communication,,,,,Publié:2025-06-1010 Jui.,https://senjob.com/sn/jobseekers/responsable-marketing---communication_e_155994.html,,senjob.sn,Dakar,Publié:2025-06-1010 Jui.,3.0,Vente et Commerce
Médecin généraliste,,,,,Publié:2025-06-1010 Jui.,https://senjob.com/sn/jobseekers/médecin-généraliste_e_155993.html,,senjob.sn,Dakar,Publié:2025-06-1010 Jui.,3.0,Consultance et Expertise
Consultants Conseiller en Développement Commercial et Renforcement des Capacités,,,,,Publié:2025-06-1010 Jui.,https://senjob.com/sn/jobseekers/consultants-conseiller-en-développement-commercial-et-renforcement-des-capacités_e_155992.html,,senjob.sn,Dakar,Publié:2025-06-1010 Jui.,4.0,Vente et Commerce
Responsable Services Support,,,,,Publié:2025-06-1010 Jui.,https://senjob.com/sn/jobseekers/responsable-services-support_e_155991.html,,senjob.sn,Dakar,Publié:2025-06-1010 Jui.,4.0,Consultance et Expertise
Consultants Fonds Catalyseur et Outils d’Investissement,,,,,Publié:2025-06-1010 Jui.,https://senjob.com/sn/jobseekers/consultants-fonds-catalyseur-et-outils-d’investissement_e_155990.html,,senjob.sn,Dakar,Publié:2025-06-1010 Jui.,4.0,Consultance et Expertise
Spécialiste Technique Régional MHPSS,,,,,Publié:2025-06-1010 Jui.,https://senjob.com/sn/jobseekers/spécialiste-technique-régional-mhpss_e_155989.html,,senjob.sn,Dakar,Publié:2025-06-1010 Jui.,4.0,Consultance et Expertise
Ingénieure / Ingénieur Géologue Ressources,,,,,Publié:2025-06-1010 Jui.,https://senjob.com/sn/jobseekers/ingénieure---ingénieur-géologue-ressources_e_155988.html,,senjob.sn,Dakar,Publié:2025-06-1010 Jui.,4.0,Consultance et Expertise
Stagiaire en informatique,,,,,Publié:2025-06-1010 Jui.,https://senjob.com/sn/jobseekers/stagiaire-en-informatique_e_155987.html,,senjob.sn,Dakar,Publié:2025-06-1010 Jui.,4.0,Informatique et Technologie
Agent de Sécurité,,,,,Publié:2025-06-1010 Jui.,https://senjob.com/sn/jobseekers/agent-de-sécurité_e_155986.html,,senjob.sn,Dakar,Publié:2025-06-1010 Jui.,4.0,Consultance et Expertise
Consultant Commercial,,,,,Publié:2025-06-1010 Jui.,https://senjob.com/sn/jobseekers/consultant-commercial_e_155985.html,,senjob.sn,Dakar,Publié:2025-06-1010 Jui.,4.0,Vente et Commerce
Serveur,,,,,Publié:2025-06-1010 Jui.,https://senjob.com/sn/jobseekers/serveur_e_155983.html,,senjob.sn,Dakar,Publié:2025-06-1010 Jui.,4.0,Support Administratif
Cuisinier,,,,,Publié:2025-06-1010 Jui.,https://senjob.com/sn/jobseekers/cuisinier_e_155982.html,,senjob.sn,Dakar,Publié:2025-06-1010 Jui.,4.0,Ressources Humaines
Approvisionneur,,,,,Publié:2025-06-1010 Jui.,https://senjob.com/sn/jobseekers/approvisionneur_e_155981.html,,senjob.sn,Dakar,Publié:2025-06-1010 Jui.,4.0,Support Administratif
Agent opérationnel,,,,,Publié:2025-06-1010 Jui.,https://senjob.com/sn/jobseekers/agent-opérationnel_e_155980.html,,senjob.sn,Dakar,Publié:2025-06-1010 Jui.,4.0,Gestion et Management
Marine Cadet,,,,,Publié:2025-06-1010 Jui.,https://senjob.com/sn/jobseekers/marine-cadet_e_155979.html,,senjob.sn,Dakar,Publié:2025-06-1010 Jui.,4.0,Vente et Commerce
Responsable Agence,,,,,Publié:2025-06-1010 Jui.,https://senjob.com/sn/jobseekers/responsable-agence_e_155977.html,,senjob.sn,Dakar,Publié:2025-06-1010 Jui.,4.0,Gestion et Management
Appel d'Offre / Sélection d'une Entreprise de Location de Véhicules,,,,,Publié:2025-06-1010 Jui.,https://senjob.com/sn/jobseekers/appel-d-offre---sélection-d-une-entreprise-de-location-de-véhicules_e_155975.html,,senjob.sn,ziguinchor,Publié:2025-06-1010 Jui.,4.0,Communication et Marketing
Assistant Administratif et financier Specialiste,,,,,Publié:2025-06-0808 Jui.,https://senjob.com/sn/jobseekers/assistant-administratif-et-financier-specialiste_e_155971.html,,senjob.sn,Dakar,Publié:2025-06-0808 Jui.,4.0,Support Administratif
Graphiste Print et Digital - H/F,,,,,Publié:2025-06-0808 Jui.,https://senjob.com/sn/jobseekers/graphiste-print-et-digital---h-f_e_155970.html,,senjob.sn,Dakar,Publié:2025-06-0808 Jui.,4.0,Ressources Humaines
Assistant de production H/F,,,,,Publié:2025-06-0808 Jui.,https://senjob.com/sn/jobseekers/assistant-de-production-h-f_e_155969.html,,senjob.sn,Dakar,Publié:2025-06-0808 Jui.,4.0,Ressources Humaines
REGIONAL ADVISOR – West and Central Africa,,,,,Publié:2025-06-0808 Jui.,https://senjob.com/sn/jobseekers/regional-advisor-–-west-and-central-africa_e_155968.html,,senjob.sn,Dakar,Publié:2025-06-0808 Jui.,4.0,Support Administratif
Spécialiste Technique Régional MHPSS,,,,,Publié:2025-06-0808 Jui.,https://senjob.com/sn/jobseekers/spécialiste-technique-régional-mhpss_e_155967.html,,senjob.sn,Dakar,Publié:2025-06-0808 Jui.,4.0,Consultance et Expertise
Processing & Quality Systems Manager/ Responsable Transformation & Systèmes de Qualité,,,,,Publié:2025-06-0808 Jui.,https://senjob.com/sn/jobseekers/processing---quality-systems-manager--responsable-transformation---systèmes-de-qualité_e_155966.html,,senjob.sn,Dakar,Publié:2025-06-0808 Jui.,4.0,Gestion et Management
Business Development & Market Access Manager,,,,,Publié:2025-06-0808 Jui.,https://senjob.com/sn/jobseekers/business-development---market-access-manager_e_155965.html,,senjob.sn,Dakar,Publié:2025-06-0808 Jui.,4.0,Gestion et Management
Business Advisory & Capacity Building/ Conseiller en Développement Commercial et Renforcement des Capacités - WEECAP Cashew Program (Senegal),,,,,Publié:2025-06-0808 Jui.,https://senjob.com/sn/jobseekers/business-advisory---capacity-building--conseiller-en-développement-commercial-et-renforcement-des-capacités---weecap-cashew-program--senegal-_e_155964.html,,senjob.sn,Dakar,Publié:2025-06-0808 Jui.,4.0,Consultance et Expertise
Consultant(e) en évaluation des enseignements et apprentissages,,,,,Publié:2025-06-0606 Jui.,https://senjob.com/sn/jobseekers/consultant-e--en-évaluation-des-enseignements-et-apprentissages_e_155963.html,,senjob.sn,Dakar,Publié:2025-06-0606 Jui.,4.0,Consultance et Expertise
"UN Women, Human Resources Analyst, Dakar, Senegal, N-PPSA 9",,,,,Publié:2025-06-0606 Jui.,"https://senjob.com/sn/jobseekers/un-women,-human-resources-analyst,-dakar,-senegal,-n-ppsa-9_e_155962.html",,senjob.sn,Dakar,Publié:2025-06-0606 Jui.,4.0,Ressources Humaines
Responsable blanchisserie,,,,,Publié:2025-06-0606 Jui.,https://senjob.com/sn/jobseekers/responsable-blanchisserie_e_155961.html,,senjob.sn,Dakar,Publié:2025-06-0606 Jui.,4.0,Support Administratif
Jardinier,,,,,Publié:2025-06-0606 Jui.,https://senjob.com/sn/jobseekers/jardinier_e_155960.html,,senjob.sn,Dakar,Publié:2025-06-0606 Jui.,4.0,Consultance et Expertise
Expert climatique,,,,,Publié:2025-06-0606 Jui.,https://senjob.com/sn/jobseekers/expert-climatique_e_155959.html,,senjob.sn,Dakar,Publié:2025-06-0606 Jui.,4.0,Consultance et Expertise
Ingénieur routier spécialisé en conception de routes et ponts,,,,,Publié:2025-06-0606 Jui.,https://senjob.com/sn/jobseekers/ingénieur-routier-spécialisé-en-conception-de-routes-et-ponts_e_155958.html,,senjob.sn,Dakar,Publié:2025-06-0606 Jui.,4.0,Technique et Ingénierie
Chef de Mission de l’AT,,,,,Publié:2025-06-0606 Jui.,https://senjob.com/sn/jobseekers/chef-de-mission-de-l’at_e_155957.html,,senjob.sn,Dakar,Publié:2025-06-0606 Jui.,4.0,Gestion de Projet
"Intern, Data Processing And Analysis – (6 months duration)",,,,,Publié:2025-06-0606 Jui.,"https://senjob.com/sn/jobseekers/intern,-data-processing-and-analysis-–--6-months-duration-_e_155956.html",,senjob.sn,Dakar,Publié:2025-06-0606 Jui.,4.0,Informatique et Technologie
Specialist Private Sector Partnership Development,,,,,Publié:2025-06-0606 Jui.,https://senjob.com/sn/jobseekers/specialist-private-sector-partnership-development_e_155955.html,,senjob.sn,Dakar,Publié:2025-06-0606 Jui.,4.0,Consultance et Expertise
Resource Geologist,,,,,Publié:2025-06-0606 Jui.,https://senjob.com/sn/jobseekers/resource-geologist_e_155954.html,,senjob.sn,Dakar,Publié:2025-06-0606 Jui.,4.0,Consultance et Expertise
Partnership Coordinator,,,,,Publié:2025-06-0606 Jui.,https://senjob.com/sn/jobseekers/partnership-coordinator_e_155953.html,,senjob.sn,Dakar,Publié:2025-06-0606 Jui.,4.0,Gestion de Projet
HR Analyst,,,,,Publié:2025-06-0606 Jui.,https://senjob.com/sn/jobseekers/hr-analyst_e_155952.html,,senjob.sn,Dakar,Publié:2025-06-0606 Jui.,4.0,Ressources Humaines
Commercial terrain,,,,,Publié:2025-06-0606 Jui.,https://senjob.com/sn/jobseekers/commercial-terrain_e_155951.html,,senjob.sn,Dakar,Publié:2025-06-0606 Jui.,4.0,Vente et Commerce
Consultant for Proposal and Report Writing,,,,,Publié:2025-06-0606 Jui.,https://senjob.com/sn/jobseekers/consultant-for-proposal-and-report-writing_e_155950.html,,senjob.sn,Dakar,Publié:2025-06-0606 Jui.,4.0,Consultance et Expertise
Finance Manager,,,,,Publié:2025-06-0606 Jui.,https://senjob.com/sn/jobseekers/finance-manager_e_155949.html,,senjob.sn,Dakar,Publié:2025-06-0606 Jui.,4.0,Gestion et Management
Technicien Élevage,,,,,Publié:2025-06-0606 Jui.,https://senjob.com/sn/jobseekers/technicien-Élevage_e_155948.html,,senjob.sn,Dakar,Publié:2025-06-0606 Jui.,4.0,Technique et Ingénierie
Ingénieur électrique,,,,,Publié:2025-06-0606 Jui.,https://senjob.com/sn/jobseekers/ingénieur-électrique_e_155947.html,,senjob.sn,Dakar,Publié:2025-06-0606 Jui.,5.0,Technique et Ingénierie
Créateur de contenu & Live pour les réseaux sociaux,,,,,Publié:2025-06-0606 Jui.,https://senjob.com/sn/jobseekers/créateur-de-contenu---live-pour-les-réseaux-sociaux_e_155946.html,,senjob.sn,Dakar,Publié:2025-06-0606 Jui.,5.0,Communication et Marketing
Chauffeur yango,,,,,Publié:2025-06-0606 Jui.,https://senjob.com/sn/jobseekers/chauffeur-yango_e_155945.html,,senjob.sn,Dakar,Publié:2025-06-0606 Jui.,5.0,Consultance et Expertise
Conseillers commerciaux en assurances,,,,,Publié:2025-06-0606 Jui.,https://senjob.com/sn/jobseekers/conseillers-commerciaux-en-assurances_e_155944.html,,senjob.sn,Dakar,Publié:2025-06-0606 Jui.,5.0,Vente et Commerce
20 vendeurs Energie,,,,,Publié:2025-06-0606 Jui.,https://senjob.com/sn/jobseekers/20-vendeurs-energie_e_155943.html,,senjob.sn,Dakar,Publié:2025-06-0606 Jui.,5.0,Vente et Commerce
(04) ingénieurs pétroliers,,,,,Publié:2025-06-0606 Jui.,https://senjob.com/sn/jobseekers/-04--ingénieurs-pétroliers_e_155942.html,,senjob.sn,Dakar,Publié:2025-06-0606 Jui.,5.0,Technique et Ingénierie
Facility & Sustainability Coordinator,,,,,Publié:2025-06-0606 Jui.,https://senjob.com/sn/jobseekers/facility---sustainability-coordinator_e_155941.html,,senjob.sn,Dakar,Publié:2025-06-0606 Jui.,5.0,Gestion et Management
Conseiller Clientèle,,,,,Publié:2025-06-0606 Jui.,https://senjob.com/sn/jobseekers/conseiller-clientèle_e_155940.html,,senjob.sn,Dakar,Publié:2025-06-0606 Jui.,5.0,Consultance et Expertise
Ingénieur applicatif,,,,,Publié:2025-06-0606 Jui.,https://senjob.com/sn/jobseekers/ingénieur-applicatif_e_155939.html,,senjob.sn,DIOGO,Publié:2025-06-0606 Jui.,5.0,Technique et Ingénierie
DRH (Ressources Humaines),,,,,Publié:2025-06-0505 Jui.,https://senjob.com/sn/jobseekers/drh--ressources-humaines-_e_155938.html,,senjob.sn,Dakar,Publié:2025-06-0505 Jui.,5.0,Ressources Humaines
Spécialiste Technique Régional Réadaptation – Région Sahel Afrique de l’Ouest,,,,,Publié:2025-06-0505 Jui.,https://senjob.com/sn/jobseekers/spécialiste-technique-régional-réadaptation-–-région-sahel-afrique-de-l’ouest_e_155937.html,,senjob.sn,Dakar,Publié:2025-06-0505 Jui.,5.0,Consultance et Expertise
Chargé de projet,,,,,Publié:2025-06-0505 Jui.,https://senjob.com/sn/jobseekers/chargé-de-projet_e_155936.html,,senjob.sn,Dakar,Publié:2025-06-0505 Jui.,5.0,Gestion de Projet
Graphiste Print et Digital,,,,,Publié:2025-06-0505 Jui.,https://senjob.com/sn/jobseekers/graphiste-print-et-digital_e_155935.html,,senjob.sn,Dakar,Publié:2025-06-0505 Jui.,5.0,Consultance et Expertise
Médecin du travail,,,,,Publié:2025-06-0505 Jui.,https://senjob.com/sn/jobseekers/médecin-du-travail_e_155934.html,,senjob.sn,Dakar,Publié:2025-06-0505 Jui.,5.0,Consultance et Expertise
Assistante administrative et voyages,,,,,Publié:2025-06-0505 Jui.,https://senjob.com/sn/jobseekers/assistante-administrative-et-voyages_e_155931.html,,senjob.sn,Dakar,Publié:2025-06-0505 Jui.,5.0,Support Administratif
Assistant de direction,,,,,Publié:2025-06-0505 Jui.,https://senjob.com/sn/jobseekers/assistant-de-direction_e_155930.html,,senjob.sn,Dakar,Publié:2025-06-0505 Jui.,5.0,Support Administratif
Business Developer,,,,,Publié:2025-06-0505 Jui.,https://senjob.com/sn/jobseekers/business-developer_e_155929.html,,senjob.sn,Dakar,Publié:2025-06-0505 Jui.,5.0,Gestion de Projet
National Finance Officer,,,,,Publié:2025-06-0505 Jui.,https://senjob.com/sn/jobseekers/national-finance-officer_e_155928.html,,senjob.sn,Dakar,Publié:2025-06-0505 Jui.,5.0,Administration et Finance
Commercial Engin Lourd,,,,,Publié:2025-06-0505 Jui.,https://senjob.com/sn/jobseekers/commercial-engin-lourd_e_155927.html,,senjob.sn,Dakar,Publié:2025-06-0505 Jui.,5.0,Vente et Commerce
Support Excellence Associate,,,,,Publié:2025-06-0505 Jui.,https://senjob.com/sn/jobseekers/support-excellence-associate_e_155926.html,,senjob.sn,Dakar,Publié:2025-06-0505 Jui.,5.0,Consultance et Expertise
Senior Growth Marketing Associate,,,,,Publié:2025-06-0505 Jui.,https://senjob.com/sn/jobseekers/senior-growth-marketing-associate_e_155925.html,,senjob.sn,Dakar,Publié:2025-06-0505 Jui.,5.0,Consultance et Expertise
Senior Direct Marketing Associate,,,,,Publié:2025-06-0505 Jui.,https://senjob.com/sn/jobseekers/senior-direct-marketing-associate_e_155924.html,,senjob.sn,Dakar,Publié:2025-06-0505 Jui.,5.0,Vente et Commerce
Sales Development Associate,,,,,Publié:2025-06-0505 Jui.,https://senjob.com/sn/jobseekers/sales-development-associate_e_155923.html,,senjob.sn,Dakar,Publié:2025-06-0505 Jui.,5.0,Vente et Commerce
Stagiaire Comptable,,,,,Publié:2025-06-0505 Jui.,https://senjob.com/sn/jobseekers/stagiaire-comptable_e_155922.html,,senjob.sn,Dakar,Publié:2025-06-0505 Jui.,5.0,Support Administratif
Assistant.e Administratif.ve,,,,,Publié:2025-06-0505 Jui.,https://senjob.com/sn/jobseekers/assistant.e-administratif.ve_e_155921.html,,senjob.sn,Dakar,Publié:2025-06-0505 Jui.,5.0,Support Administratif
Analyste en Assurance Qualité Senior,,,,,Publié:2025-06-0505 Jui.,https://senjob.com/sn/jobseekers/analyste-en-assurance-qualité-senior_e_155920.html,,senjob.sn,Dakar,Publié:2025-06-0505 Jui.,5.0,Analyse et Recherche
Responsable Développement Commercial,,,,,Publié:2025-06-0505 Jui.,https://senjob.com/sn/jobseekers/responsable-développement-commercial_e_155919.html,,senjob.sn,Dakar,Publié:2025-06-0505 Jui.,5.0,Vente et Commerce
Underwriting Specialist,,,,,Publié:2025-06-0505 Jui.,https://senjob.com/sn/jobseekers/underwriting-specialist_e_155918.html,,senjob.sn,Dakar,Publié:2025-06-0505 Jui.,5.0,Consultance et Expertise
Sales Team Leader,,,,,Publié:2025-06-0505 Jui.,https://senjob.com/sn/jobseekers/sales-team-leader_e_155917.html,,senjob.sn,Dakar,Publié:2025-06-0505 Jui.,5.0,Vente et Commerce
Admin Officer,,,,,Publié:2025-06-0505 Jui.,https://senjob.com/sn/jobseekers/admin-officer_e_155916.html,,senjob.sn,Dakar,Publié:2025-06-0505 Jui.,5.0,Gestion et Management
Chefs de Projets,,,,,Publié:2025-06-0505 Jui.,https://senjob.com/sn/jobseekers/chefs-de-projets_e_155915.html,,senjob.sn,Dakar,Publié:2025-06-0505 Jui.,5.0,Gestion de Projet
Développeurs Juniors Fullstack,,,,,Publié:2025-06-0505 Jui.,https://senjob.com/sn/jobseekers/développeurs-juniors-fullstack_e_155914.html,,senjob.sn,Dakar,Publié:2025-06-0505 Jui.,5.0,Consultance et Expertise
Sales Associate,,,,,Publié:2025-06-0505 Jui.,https://senjob.com/sn/jobseekers/sales-associate_e_155913.html,,senjob.sn,Dakar,Publié:2025-06-0505 Jui.,5.0,Vente et Commerce
Sales Administrator,,,,,Publié:2025-06-0404 Jui.,https://senjob.com/sn/jobseekers/sales-administrator_e_155912.html,,senjob.sn,Dakar,Publié:2025-06-0404 Jui.,5.0,Vente et Commerce
Engineering Project Manager,,,,,Publié:2025-06-0404 Jui.,https://senjob.com/sn/jobseekers/engineering-project-manager_e_155911.html,,senjob.sn,Dakar,Publié:2025-06-0404 Jui.,5.0,Gestion de Projet
Senior Data Management Associate,,,,,Publié:2025-06-0404 Jui.,https://senjob.com/sn/jobseekers/senior-data-management-associate_e_155910.html,,senjob.sn,Dakar,Publié:2025-06-0404 Jui.,5.0,Gestion et Management
Concepteur rédacteur,,,,,Publié:2025-06-0404 Jui.,https://senjob.com/sn/jobseekers/concepteur-rédacteur_e_155909.html,,senjob.sn,Dakar,Publié:2025-06-0404 Jui.,5.0,Consultance et Expertise
Motion Designer,,,,,Publié:2025-06-0404 Jui.,https://senjob.com/sn/jobseekers/motion-designer_e_155908.html,,senjob.sn,Dakar,Publié:2025-06-0404 Jui.,5.0,Gestion de Projet
Graphiste,,,,,Publié:2025-06-0404 Jui.,https://senjob.com/sn/jobseekers/graphiste_e_155907.html,,senjob.sn,Dakar,Publié:2025-06-0404 Jui.,5.0,Consultance et Expertise
Directeur artistique,,,,,Publié:2025-06-0404 Jui.,https://senjob.com/sn/jobseekers/directeur-artistique_e_155906.html,,senjob.sn,Dakar,Publié:2025-06-0404 Jui.,5.0,Gestion de Projet
Chef comptable,,,,,Publié:2025-06-0404 Jui.,https://senjob.com/sn/jobseekers/chef-comptable_e_155905.html,,senjob.sn,Dakar,Publié:2025-06-0404 Jui.,6.0,Support Administratif
Community manager,,,,,Publié:2025-06-0404 Jui.,https://senjob.com/sn/jobseekers/community-manager_e_155902.html,,senjob.sn,Dakar,Publié:2025-06-0404 Jui.,6.0,Support Administratif
Ingénieur Système d’informations,,,,,Publié:2025-06-0404 Jui.,https://senjob.com/sn/jobseekers/ingénieur-système-d’informations_e_155901.html,,senjob.sn,Dakar,Publié:2025-06-0404 Jui.,6.0,Informatique et Technologie
Responsable Formation Groupe,,,,,Publié:2025-06-0404 Jui.,https://senjob.com/sn/jobseekers/responsable-formation-groupe_e_155900.html,,senjob.sn,Dakar,Publié:2025-06-0404 Jui.,6.0,Consultance et Expertise
Assistant(e) de direction,,,,,Publié:2025-06-0404 Jui.,https://senjob.com/sn/jobseekers/assistant-e--de-direction_e_155899.html,,senjob.sn,Dakar,Publié:2025-06-0404 Jui.,6.0,Support Administratif
Commercial terrain,,,,,Publié:2025-06-0404 Jui.,https://senjob.com/sn/jobseekers/commercial-terrain_e_155898.html,,senjob.sn,Dakar,Publié:2025-06-0404 Jui.,6.0,Vente et Commerce
Agent administratif et comptable,,,,,Publié:2025-06-0404 Jui.,https://senjob.com/sn/jobseekers/agent-administratif-et-comptable_e_155897.html,,senjob.sn,Dakar,Publié:2025-06-0404 Jui.,6.0,Administration et Finance
Responsable marketing Groupe,,,,,Publié:2025-06-0404 Jui.,https://senjob.com/sn/jobseekers/responsable-marketing-groupe_e_155896.html,,senjob.sn,Dakar,Publié:2025-06-0404 Jui.,6.0,Vente et Commerce
Standardiste expérimenté(e) chargé(e) de la clientèle,,,,,Publié:2025-06-0404 Jui.,https://senjob.com/sn/jobseekers/standardiste-expérimenté-e--chargé-e--de-la-clientèle_e_155895.html,,senjob.sn,Dakar,Publié:2025-06-0404 Jui.,6.0,Consultance et Expertise
Chargé de communication bilingue,,,,,Publié:2025-06-0404 Jui.,https://senjob.com/sn/jobseekers/chargé-de-communication-bilingue_e_155893.html,,senjob.sn,Dakar,Publié:2025-06-0404 Jui.,6.0,Consultance et Expertise
Engineering Project Manager,,,,,Publié:2025-06-0404 Jui.,https://senjob.com/sn/jobseekers/engineering-project-manager_e_155891.html,,senjob.sn,Dakar,Publié:2025-06-0404 Jui.,6.0,Gestion de Projet
HR Business Partner,,,,,Publié:2025-06-0404 Jui.,https://senjob.com/sn/jobseekers/hr-business-partner_e_155890.html,,senjob.sn,Dakar,Publié:2025-06-0404 Jui.,6.0,Ressources Humaines
Directeur (trice) Exécutif (ve),,,,,Publié:2025-06-0404 Jui.,https://senjob.com/sn/jobseekers/directeur--trice--exécutif--ve-_e_155889.html,,senjob.sn,Dakar,Publié:2025-06-0404 Jui.,6.0,Gestion et Management
Guest Service-Driver,,,,,Publié:2025-06-0404 Jui.,https://senjob.com/sn/jobseekers/guest-service-driver_e_155888.html,,senjob.sn,Dakar,Publié:2025-06-0404 Jui.,6.0,Consultance et Expertise
Customer Service Officer,,,,,Publié:2025-06-0404 Jui.,https://senjob.com/sn/jobseekers/customer-service-officer_e_155887.html,,senjob.sn,Dakar,Publié:2025-06-0404 Jui.,6.0,Consultance et Expertise
Provider Relations Associate,,,,,Publié:2025-06-0404 Jui.,https://senjob.com/sn/jobseekers/provider-relations-associate_e_155886.html,,senjob.sn,Dakar,Publié:2025-06-0404 Jui.,6.0,Consultance et Expertise
Sales Associate,,,,,Publié:2025-06-0404 Jui.,https://senjob.com/sn/jobseekers/sales-associate_e_155885.html,,senjob.sn,Dakar,Publié:2025-06-0404 Jui.,6.0,Vente et Commerce
Développeurs Juniors Fullstack,,,,,Publié:2025-06-0404 Jui.,https://senjob.com/sn/jobseekers/développeurs-juniors-fullstack_e_155884.html,,senjob.sn,Dakar,Publié:2025-06-0404 Jui.,6.0,Consultance et Expertise
Commercial / Rapporteur d’affaire,,,,,Publié:2025-06-0303 Jui.,https://senjob.com/sn/jobseekers/commercial---rapporteur-d’affaire_e_155882.html,,senjob.sn,Dakar,Publié:2025-06-0303 Jui.,6.0,Vente et Commerce
Commercial responsable,,,,,Publié:2025-06-0303 Jui.,https://senjob.com/sn/jobseekers/commercial-responsable_e_155881.html,,senjob.sn,Dakar,Publié:2025-06-0303 Jui.,6.0,Vente et Commerce
Gouvernante,,,,,Publié:2025-06-0303 Jui.,https://senjob.com/sn/jobseekers/gouvernante_e_155880.html,,senjob.sn,Dakar,Publié:2025-06-0303 Jui.,6.0,Gestion et Management
Promotrice,,,,,Publié:2025-06-0303 Jui.,https://senjob.com/sn/jobseekers/promotrice_e_155879.html,,senjob.sn,Dakar,Publié:2025-06-0303 Jui.,6.0,Communication et Marketing
Senior Investment Officer,,,,,Publié:2025-06-0303 Jui.,https://senjob.com/sn/jobseekers/senior-investment-officer_e_155878.html,,senjob.sn,Dakar,Publié:2025-06-0303 Jui.,6.0,Gestion de Projet
Manager Tax & Legal,,,,,Publié:2025-06-0303 Jui.,https://senjob.com/sn/jobseekers/manager-tax---legal_e_155877.html,,senjob.sn,Dakar,Publié:2025-06-0303 Jui.,6.0,Gestion et Management
Consultant Senior Tax & Legal,,,,,Publié:2025-06-0303 Jui.,https://senjob.com/sn/jobseekers/consultant-senior-tax---legal_e_155876.html,,senjob.sn,Dakar,Publié:2025-06-0303 Jui.,6.0,Consultance et Expertise
MST Nursing,,,,,Publié:2025-06-0303 Jui.,https://senjob.com/sn/jobseekers/mst-nursing_e_155875.html,,senjob.sn,Dakar,Publié:2025-06-0303 Jui.,6.0,Santé et Services Sociaux
Responsable Agence,,,,,Publié:2025-06-0303 Jui.,https://senjob.com/sn/jobseekers/responsable-agence_e_155874.html,,senjob.sn,Dakar,Publié:2025-06-0303 Jui.,6.0,Gestion et Management
Agent opérationnel,,,,,Publié:2025-06-0303 Jui.,https://senjob.com/sn/jobseekers/agent-opérationnel_e_155873.html,,senjob.sn,Dakar,Publié:2025-06-0303 Jui.,6.0,Gestion et Management
Chargé de recrutement,,,,,Publié:2025-06-0303 Jui.,https://senjob.com/sn/jobseekers/chargé-de-recrutement_e_155872.html,,senjob.sn,Dakar,Publié:2025-06-0303 Jui.,6.0,Ressources Humaines
Directeur de programme,,,,,Publié:2025-06-0303 Jui.,https://senjob.com/sn/jobseekers/directeur-de-programme_e_155871.html,,senjob.sn,Dakar,Publié:2025-06-0303 Jui.,6.0,Gestion de Projet
Community Manager,,,,,Publié:2025-06-0303 Jui.,https://senjob.com/sn/jobseekers/community-manager_e_155870.html,,senjob.sn,Dakar,Publié:2025-06-0303 Jui.,6.0,Gestion et Management
Digital Manager,,,,,Publié:2025-06-0303 Jui.,https://senjob.com/sn/jobseekers/digital-manager_e_155869.html,,senjob.sn,Dakar,Publié:2025-06-0303 Jui.,6.0,Informatique et Technologie
Chef de pub,,,,,Publié:2025-06-0303 Jui.,https://senjob.com/sn/jobseekers/chef-de-pub_e_155868.html,,senjob.sn,Dakar,Publié:2025-06-0303 Jui.,6.0,Communication et Marketing
Programme Talent Junior,,,,,Publié:2025-06-0303 Jui.,https://senjob.com/sn/jobseekers/programme-talent-junior_e_155867.html,,senjob.sn,Dakar,Publié:2025-06-0303 Jui.,6.0,Ressources Humaines
Responsable achats,,,,,Publié:2025-06-0303 Jui.,https://senjob.com/sn/jobseekers/responsable-achats_e_155866.html,,senjob.sn,Dakar,Publié:2025-06-0303 Jui.,6.0,Vente et Commerce
Responsable Bureau d’Étude – Réalisations,,,,,Publié:2025-06-0303 Jui.,https://senjob.com/sn/jobseekers/responsable-bureau-d’Étude-–-réalisations_e_155865.html,,senjob.sn,Dakar,Publié:2025-06-0303 Jui.,6.0,Consultance et Expertise
Chargé de communication digital (H/F),,,,,Publié:2025-06-0303 Jui.,https://senjob.com/sn/jobseekers/chargé-de-communication-digital--h-f-_e_155863.html,,senjob.sn,Dakar (seneg...,Publié:2025-06-0303 Jui.,6.0,Ressources Humaines
Chargé de communication digital (H/F),,,,,Publié:2025-06-0303 Jui.,https://senjob.com/sn/jobseekers/chargé-de-communication-digital--h-f-_e_155862.html,,senjob.sn,Dakar (seneg...,Publié:2025-06-0303 Jui.,6.0,Ressources Humaines
Téléconseillère,,,,,Publié:2025-06-0202 Jui.,https://senjob.com/sn/jobseekers/téléconseillère_e_155861.html,,senjob.sn,Dakar,Publié:2025-06-0202 Jui.,6.0,Consultance et Expertise
Consultant Acheteur Bilingue,,,,,Publié:2025-06-0202 Jui.,https://senjob.com/sn/jobseekers/consultant-acheteur-bilingue_e_155860.html,,senjob.sn,Dakar,Publié:2025-06-0202 Jui.,7.0,Vente et Commerce
Téléconseillers expérimentés,,,,,Publié:2025-06-0202 Jui.,https://senjob.com/sn/jobseekers/téléconseillers-expérimentés_e_155858.html,,senjob.sn,Dakar,Publié:2025-06-0202 Jui.,7.0,Consultance et Expertise
Peintre,,,,,Publié:2025-06-0202 Jui.,https://senjob.com/sn/jobseekers/peintre_e_155856.html,,senjob.sn,Dakar,Publié:2025-06-0202 Jui.,7.0,Consultance et Expertise
Docteur en pharmacie,,,,,Publié:2025-06-0202 Jui.,https://senjob.com/sn/jobseekers/docteur-en-pharmacie_e_155855.html,,senjob.sn,Dakar,Publié:2025-06-0202 Jui.,7.0,Consultance et Expertise
Responsable Administratif et Financier,,,,,Publié:2025-06-0202 Jui.,https://senjob.com/sn/jobseekers/responsable-administratif-et-financier_e_155852.html,,senjob.sn,Dakar,Publié:2025-06-0202 Jui.,7.0,Gestion et Management
"Supply Chain Management, Senior Associate, Global Malaria (Commodity Access)",,,,,Publié:2025-06-0202 Jui.,"https://senjob.com/sn/jobseekers/supply-chain-management,-senior-associate,-global-malaria--commodity-access-_e_155851.html",,senjob.sn,Dakar,Publié:2025-06-0202 Jui.,7.0,Gestion et Management
Responsable atelier menuiserie,,,,,Publié:2025-06-0202 Jui.,https://senjob.com/sn/jobseekers/responsable-atelier-menuiserie_e_155850.html,,senjob.sn,Dakar,Publié:2025-06-0202 Jui.,7.0,Consultance et Expertise
Commercial(e) Expérimenté(e),,,,,Publié:2025-06-0202 Jui.,https://senjob.com/sn/jobseekers/commercial-e--expérimenté-e-_e_155849.html,,senjob.sn,Dakar,Publié:2025-06-0202 Jui.,7.0,Vente et Commerce
Team Leader,,,,,Publié:2025-06-0202 Jui.,https://senjob.com/sn/jobseekers/team-leader_e_155848.html,,senjob.sn,Dakar,Publié:2025-06-0202 Jui.,7.0,Gestion de Projet
Développeur,,,,,Publié:2025-06-0202 Jui.,https://senjob.com/sn/jobseekers/développeur_e_155847.html,,senjob.sn,Dakar,Publié:2025-06-0202 Jui.,7.0,Consultance et Expertise
Responsable administratif ressources humaines,,,,,Publié:2025-06-0202 Jui.,https://senjob.com/sn/jobseekers/responsable-administratif-ressources-humaines_e_155846.html,,senjob.sn,Dakar,Publié:2025-06-0202 Jui.,7.0,Ressources Humaines
Couturier,,,,,Publié:2025-06-0202 Jui.,https://senjob.com/sn/jobseekers/couturier_e_155845.html,,senjob.sn,Nguekhokh,Publié:2025-06-0202 Jui.,7.0,Consultance et Expertise
Coordinateur de Projet,,,,,Publié:2025-06-0202 Jui.,https://senjob.com/sn/jobseekers/coordinateur-de-projet_e_155844.html,,senjob.sn,Dakar,Publié:2025-06-0202 Jui.,7.0,Gestion de Projet
Assistant(e) Technico-commercial(e) Réseaux Systèmes,,,,,Publié:2025-06-0202 Jui.,https://senjob.com/sn/jobseekers/assistant-e--technico-commercial-e--réseaux-systèmes_e_155843.html,,senjob.sn,Dakar,Publié:2025-06-0202 Jui.,7.0,Communication et Marketing
Chargé.e d’Evaluation Senior,,,,,Publié:2025-06-0101 Jui.,https://senjob.com/sn/jobseekers/chargé.e-d’evaluation-senior_e_155839.html,,senjob.sn,Dakar,Publié:2025-06-0101 Jui.,7.0,Consultance et Expertise
UN Women : Consultant-e National-e pour promouvoir le leadership,,,,,Publié:2025-06-0101 Jui.,https://senjob.com/sn/jobseekers/un-women-:-consultant-e-national-e-pour-promouvoir-le-leadership_e_155836.html,,senjob.sn,Dakar,Publié:2025-06-0101 Jui.,7.0,Consultance et Expertise
